-0.57026,-0.31544
-0.41502,0.66679
-0.4187,0.53729
-0.30734,0.79932
-0.5791,0.55565
-0.35058,0.52969
-0.046051,1.0594
0.061138,1.0326
-0.49819,0.17202
-0.057597,0.94183
-0.48553,0.79693
-0.73166,0.89702
-0.63686,0.45319
-0.46719,0.45262
-0.14914,-0.28939
-0.60603,0.45762
-0.61399,0.61535
-0.66842,0.71479
-0.7327,0.73539
-0.55164,0.29701
-0.1712,0.94029
-0.74789,0.968
-0.16024,0.27393
-0.60445,0.41183
-1.0604,0.39867
-0.66428,0.84997
-0.74838,0.35042
-0.37265,0.97491
0.36927,1.1571
-0.29777,0.59009
-0.41441,0.0031679
-0.62368,1.1468
-0.43777,0.83304
0.43775,0.32114
-0.37018,0.39019
-0.71085,0.10997
-0.64062,0.71073
-0.17518,0.92272
-0.097552,0.57431
-0.67657,1.0844
0.57093,1.176
-0.0015543,1.3707
-1.0759,1.1446
-1.0355,0.72303
-0.5657,1.6204
-0.12273,1.3424
-0.39808,-0.098816
-0.63914,1.8371
-0.36107,1.3798
-0.64327,1.4138
0.070053,0.99279
-0.72592,0.91811
-0.76909,-0.013159
-0.56693,0.91935
-0.32424,1.0485
-0.23552,1.1169
-0.40597,1.0887
-0.87321,1.5437
-0.57933,0.78688
-0.51754,1.111
-0.29475,1.1395
-0.66547,0.74604
-0.63947,1.013
-1.229,1.1459
-0.63677,0.70778
-0.18259,0.79728
-0.76803,0.20507
0.23822,0.66487
0.7573,1.3017
-0.2033,-0.020714
-0.32699,1.4543
-0.15868,0.83594
0.70708,-0.18679
0.041232,-0.010988
0.272,-0.5267
-0.47529,1.1569
0.70146,1.5955
-0.46421,1.1113
-0.079867,1.5537
-0.29815,0.371
-0.0066834,1.3808
0.16489,0.47967
0.8157,0.53064
0.36316,0.50665
-1.175,2.1781
-0.24531,1.3088
-0.17366,1.34
0.033195,0.72028
0.30046,0.90038
0.21853,1.1941
-0.06519,1.5157
-0.47162,0.93046
-0.4514,1.2792
-0.48816,1.321
-0.81961,1.6742
-0.055465,0.98265
0.12836,1.1935
-1.1818,1.2874
0.49188,0.54347
0.3931,0.28317
0.67948,0.54447
-0.34005,1.5976
0.77996,1.1866
-0.44263,1.9103
-0.20792,1.452
-0.42349,1.7272
0.68301,1.5079
0.12384,2.4983
-0.13841,0.57382
0.19741,0.062185
-0.13711,1.6397
-0.42182,1.8056
0.09128,1.3306
-0.46325,1.5074
-0.049847,0.18731
-1.0797,1.3014
-1.1458,1.1472
0.41612,0.43436
0.53662,0.24969
0.028121,0.42845
-0.061815,0.99905
-0.19302,0.3057
-0.24997,0.54192
-1.459,2.1948
-1.3829,1.369
-1.1639,1.9744
-0.91642,1.7225
-1.0601,2.3045
-0.90902,1.6424
-1.0202,1.9249
-1.6434,1.9382
0.073006,0.71186
-0.97619,1.0632
-0.22672,-0.79123
0.21154,-0.72385
0.7084,-1.2079
-1.0593,2.3124
-1.5818,2.611
-0.71896,1.7787
-1.3386,0.89581
-1.6068,1.7378
-1.2127,2.4391
-1.6177,2.5243
-1.8674,2.2126
0.22117,0.2114
-1.6974,1.7322
-1.2356,1.8581
-1.8628,1.5207
0.47659,-1.5755
-1.0024,2.0301
0.10218,1.3602
-1.9667,2.762
-1.9448,2.4699
-0.9815,2.0454
-1.2091,1.5203
-1.4873,1.496
-1.2602,1.5101
-1.4348,1.2977
-1.6224,1.4382
-1.3348,1.536
-1.5258,1.548
-1.4575,1.9817
-1.4032,1.5938
-1.4911,1.829
-1.4829,1.2686
-1.3726,1.0654
-1.4138,2.0311
-0.31718,-0.78979
-1.6717,1.8625
-1.0741,1.2036
-1.6189,0.8966
-1.7469,1.7657
-1.9732,0.82947
-1.2764,1.2911
-0.60678,1.0768
-0.59758,0.93195
-0.98716,1.1071
-1.1187,0.94163
-1.5286,1.7534
-0.79483,0.91141
-1.5606,1.4343
-0.99595,0.41923
0.46535,-2.0609
-0.026689,-1.6541
0.12032,-1.5716
0.34036,-2.5484
-1.2096,0.82333
-0.77838,0.42351
0.62577,-2.4369
0.39504,-1.9012
-0.097153,-1.5198
-0.50576,-1.7493
0.18771,-1.6066
-0.46125,-1.2087
0.30852,-1.0638
-1.0956,1.2296
1.2407,-2.9078
0.57874,-2.3259
0.64138,-2.5009
-0.89104,0.49851
0.55705,-1.4801
-0.17434,-0.68931
-2.0981,2.114
-1.9098,2.1839
-1.3606,2.1309
-1.0021,1.2302
1.1132,-0.96944
-0.026933,0.074746
-0.73115,-0.26192
-0.38091,0.29006
-0.42771,0.78377
-0.66263,1.5743
-0.056597,0.50657
-0.48201,0.6028
-1.6671,2.9878
-0.51444,0.041427
-0.36543,0.052016
-0.86376,0.33967
-1.1068,0.31406
-0.79096,0.58655
-0.9469,0.16473
-1.269,0.70614
-0.71154,0.91112
-0.77916,1.5703
-1.3503,2.6843
-0.30961,0.55982
-0.059095,0.95875
-0.10466,0.86635
0.32939,0.39458
-0.38282,0.13678
-0.97476,0.67192
-1.6472,2.4957
-1.1784,2.7004
-1.4271,1.2787
-1.1264,1.0931
-2.4997,2.9583
-2.5407,2.9995
-1.6886,2.2504
-0.50188,-0.11534
-0.33924,0.48213
-0.57963,1.7515
-2.0018,2.5663
-1.4724,1.976
-1.4307,2.6198
-1.5564,2.342
-0.47483,0.94485
-0.51517,-0.17583
-0.46615,0.15494
-1.8662,0.75275
-0.081688,0.25654
-0.98405,0.88077
-1.2643,0.74939
-1.0408,1.6589
-1.3858,1.106
-0.5732,1.1143
-0.90909,1.5045
-0.79907,1.5039
-1.9975,2.4768
-1.1545,1.4243
-0.73081,1.9566
-1.3187,1.4994
-1.5027,0.72089
-1.61,1.972
-2.7577,2.9905
-1.2748,0.95003
-0.78951,0.26826
-2.3213,2.2309
-0.71778,1.0635
-1.9945,2.6917
-0.55039,1.8646
-2.1525,3.4529
-1.7249,2.9467
-0.91047,1.7111
-1.059,1.7644
-0.94919,0.033031
-0.8385,1.3059
-1.1337,0.87493
-0.94615,2.0348
-1.1323,0.89279
-1.8527,0.41801
-1.4822,0.37188
-1.5948,0.16118
-0.91155,-0.6942
-0.92936,-0.52127
-0.84567,-0.19482
-1.093,-0.48426
-1.0015,0.86348
-1.6848,2.6586
-0.88036,0.70587
-1.1413,2.1081
-0.40751,0.67837
-0.90047,2.377
-0.6188,0.77232
-1.109,2.6376
-1.9484,3.1587
-2.4686,2.7884
-1.993,2.2863
-1.7467,2.1512
-1.8452,1.4176
-3.6454,3.07
-3.4813,3.0178
-2.9835,3.133
-0.93665,-0.19093
-2.936,3.0038
-3.6267,2.8405
-3.4968,3.212
-2.8878,2.7638
-2.4419,2.5588
-1.4519,1.3039
-2.9042,2.9695
-2.9142,2.9399
-2.6669,2.7457
-4.0564,2.8813
-0.52036,-1.8581
-1.17,0.098816
-2.9581,2.6898
-2.417,3.1861
-3.3495,3.4534
-1.5858,1.7627
-0.47381,0.6483
0.037236,0.72515
-0.65284,0.21061
-2.6639,3.3848
-3.4661,1.7781
-0.49086,0.28226
-1.1396,0.4188
-0.30956,0.33312
-3.3104,2.376
-1.0397,0.050311
-1.0319,-1.5832
-3.6311,2.8131
-4.7052,2.5306
-1.6107,0.086066
-4.9053,2.1837
-5.0182,2.714
-4.7477,2.5723
-0.26354,-1.0831
0.14041,-1.6227
-0.11366,-2.5361
-0.38808,-1.1548
-0.030441,0.47074
-0.34052,-0.64121
-0.4375,1.3774
-1.7025,1.8661
-2.8245,2.0293
-3.9026,1.988
-2.7712,2.3499
-4.055,1.8481
-1.8035,1.0392
-6.6842,3.6154
-1.8393,-0.82362
-0.73197,-1.2405
-0.80317,2.028
-5.7187,4.3795
-5.4651,3.6959
-5.5051,3.7637
-4.5646,2.5438
-5.5209,4.206
-6.0147,3.2825
-6.0815,4.2226
-0.80939,0.77696
-3.2523,3.3617
-0.54655,-0.61436
-0.47137,-0.26866
-1.063,0.63204
-1.0912,-0.43842
-0.46828,-1.8035
-3.141,2.9708
-0.19639,-0.39095
-2.228,1.3215
-3.7952,2.2006
-0.21745,-1.3346
-0.044185,-0.81097
-0.10778,-2.0757
-0.028587,-1.1864
-0.66831,0.077072
-2.1395,2.1491
-0.8642,2.3701
-0.78806,1.8169
-0.60801,0.050754
-1.3764,2.6975
-2.0305,2.5646
-1.7253,3.76
-2.016,3.433
-2.289,3.3868
-2.7482,2.8952
-1.8527,2.6524
-2.2986,3.4194
-2.8255,2.9468
-2.1311,2.8809
-2.8333,2.6664
-3.3199,2.1847
-1.9905,3.3397
-2.8629,2.5642
-3.0378,3.1669
-3.1233,2.8287
-4.2465,2.3013
-3.0665,1.1416
-2.1258,0.39228
-2.3326,3.5523
-2.377,3.197
-3.2577,3.2284
-3.7203,4.0576
-2.4602,3.014
0.37436,-1.1682
-4.514,5.3597
-4.8043,5.641
-4.5653,5.203
-4.3071,5.0525
-1.7217,3.1413
-4.8603,5.1839
-4.4619,5.2429
-5.1884,6.1103
-4.1579,5.578
-4.0745,3.3485
-2.8388,4.7197
-3.8467,5.143
-4.2006,4.8685
-4.4221,5.2589
-4.4969,4.8576
-4.1409,6.4117
-1.8301,5.0297
0.026922,0.34998
0.062748,0.19068
-0.7494,0.44387
-0.14251,0.22138
-0.45365,0.30647
0.039123,0.6002
-0.86544,0.70116
-0.5473,1.2543
-0.41044,1.8273
-0.6462,1.0095
-1.0004,0.71489
-0.47112,1.0043
-0.79034,1.517
-0.65943,1.9254
-0.35855,1.61
-0.54719,1.5512
-0.69309,1.4406
-0.0043963,0.64689
-0.11142,0.94456
-1.0069,0.85495
-1.0041,1.4851
0.12109,1.0198
0.01169,1.0956
-0.11495,0.84256
-0.21575,0.60791
0.043675,0.63687
-0.31469,0.24699
-0.57603,1.2936
-0.40562,1.0435
-0.73985,0.6623
-0.50125,0.24708
-0.79707,0.81414
-0.81457,0.60246
-1.1231,0.67326
-0.72275,0.82088
-0.47139,0.28835
0.069642,0.32107
-0.0012878,0.66818
-0.66232,0.76142
0.0013989,0.59057
-0.34662,0.98419
-0.35392,1.3616
-0.020661,0.91288
-0.57017,1.3283
-0.15869,0.0074214
-0.31032,0.36959
-0.80002,0.21899
-0.39285,-0.11686
-0.12312,0.21644
-0.5708,-0.1176
-0.44228,0.38793
0.054333,0.60931
-0.18249,0.55349
-0.36156,0.47968
0.04776,0.97464
-0.67946,0.52728
-0.15848,0.98815
-0.4134,1.0973
-0.6204,0.64241
0.49176,0.38735
-0.7662,0.51566
0.098907,0.30082
-0.44632,-0.34249
-0.54478,0.46858
-0.48885,0.57753
-1.1197,1.4341
-0.67895,0.92119
-0.26091,0.79841
-0.13447,0.52486
-0.024735,0.6082
-0.17656,0.52166
-0.98515,-0.34891
-0.031685,0.11232
-1.0822,0.75571
-0.11331,0.049912
-0.79967,0.95063
-0.0028421,0.7285
-0.38065,0.4545
-0.1724,0.29761
-0.54506,0.5514
-0.33849,-0.029054
-0.4265,-0.37085
-0.45282,0.53122
-0.9144,-0.23585
-0.39326,-0.014278
-0.89206,0.45434
-0.81741,0.36708
0.17454,0.50702
-0.90179,0.63077
-0.51164,0.5555
-0.76599,0.40335
0.16222,-0.42375
0.10449,-0.24672
-0.66371,0.52918
-0.26707,0.7567
-0.85188,0.53975
-1.159,-0.10459
-0.17354,0.57672
0.11719,0.79574
-0.28822,0.42165
0.23447,-0.14688
-0.70082,-0.18405
0.78051,0.12213
-0.43785,0.28488
-0.30723,-0.018144
-0.27512,-0.21638
-0.21152,0.31753
-0.12177,-0.32344
0.24371,0.42654
-0.27452,-0.49327
-0.68683,-0.20133
-0.39603,-0.019318
0.51445,0.07643
0.0069165,-0.36057
-0.0051957,-0.03549
-0.58683,0.1439
0.060816,0.64476
0.14299,-0.042645
-0.44996,-0.31682
-0.011857,0.47098
-0.8255,0.092103
-0.69345,-0.061875
-0.063558,-0.37359
-0.21556,-0.60297
0.013711,-0.24807
-0.28086,-0.93291
-0.17874,-0.62221
-0.18216,-1.0441
-0.047627,-0.64048
0.26482,-0.8003
-0.76305,-0.99839
-0.47174,-0.70145
-0.42638,-0.97661
-0.61338,-0.62041
-0.22677,-0.43035
0.0057951,-0.25736
-0.31102,-0.048893
-0.40565,-1.0133
-0.37738,-0.65995
-0.9402,-0.25815
-0.15882,-0.98658
-0.112,-0.4072
-0.089936,-0.572
-0.77597,-1.1634
0.23212,-0.845
-0.19772,-1.0204
1.227,-0.422
-0.24218,-1.14
-0.61582,-2.0348
-1.5307,-2.0923
-1.1598,-1.8235
-1.0339,-1.5995
-1.1985,-1.9836
-1.8655,-1.0905
-1.3966,-1.0664
-1.3291,-1.2643
-1.0235,-0.60049
-0.86786,-0.75105
-1.2696,-0.73645
-0.94646,-1.1127
-1.1546,-0.47324
-0.81794,-0.48793
-0.41665,-1.5891
-1.1337,-0.77504
-0.99486,-1.2048
-1.421,-1.4104
-0.91391,-1.6838
-1.5333,-1.0195
-0.61982,-1.5513
-1.8414,-1.3386
-0.62594,-1.2241
-0.73236,-0.87882
-1.2367,-1.0148
-0.81428,-1.386
-0.65773,-1.4382
-1.1278,-2.8204
0.14266,-6.0272
0.039528,-4.425
-0.69853,-1.1478
-0.48509,-1.0181
0.30356,-1.2313
-0.11603,-1.7535
0.88065,-1.2659
0.030641,-1.418
-0.45523,-0.95948
0.2249,-0.91547
0.098096,-1.1582
-0.011735,-1.0334
-0.1112,-1.2184
0.03184,-1.292
-0.025819,-2.4406
0.2174,-0.46735
0.19364,-1.6795
0.21708,-1.201
0.12181,-2.1857
-0.078091,-1.5467
0.0073273,-1.3588
0.092097,-1.2431
0.059983,0.53577
-0.096076,1.7748
-0.74458,2.7616
-0.057463,1.7171
0.53201,1.4543
-0.01048,2.1578
-0.15558,0.18201
0.62862,-1.2579
0.26487,-1.3256
-0.077114,-1.6322
-0.36383,-0.36773
0.056742,-1.0472
-0.57075,-0.8754
-0.016564,-0.35742
-0.24313,-0.041637
-0.13611,-0.15142
-0.53568,-0.91975
-0.76607,-0.13402
-0.49752,-0.052725
-0.53502,0.79075
-0.41273,0.75588
-0.75795,0.74307
-0.86413,0.67001
-0.73139,0.62632
-0.54288,0.66641
-0.77695,0.093266
-0.58504,0.27941
-0.30337,0.57467
-0.52845,0.52043
-0.62657,0.77582
-1.3258,0.65793
-0.53245,0.31666
0.027766,-0.094108
-0.25095,0.12152
0.051602,0.18365
-0.23313,0.15246
-0.36949,-0.15073
-0.21469,0.057267
-0.12997,-0.28578
-0.32742,-0.078335
-0.48624,-1.0423
-0.62226,0.12023
-0.28516,-0.46722
-0.26682,-0.43471
0.2112,0.14539
0.17255,0.084759
-0.21673,-0.021323
0.12348,0.50506
-0.95856,0.44963
-0.55992,-0.15728
0.3621,-0.41883
0.27435,-0.20543
0.035848,-0.11443
-0.1693,0.12169
-0.59353,0.29847
-0.2022,0.15357
-0.027999,0.24721
-0.12256,0.31846
-0.24259,-0.22523
0.046672,-0.19466
0.59452,-0.10602
0.50161,-0.23502
0.18875,-0.62643
0.4144,0.02325
-0.30726,-0.29331
-0.54921,-0.31279
-0.52808,-0.23585
-0.064546,-0.13747
-0.39922,-0.28875
-0.10362,-0.18753
-0.016187,-0.57555
-0.083353,-0.097952
0.18783,-0.58433
0.15578,-0.43131
0.21652,-0.40137
0.2418,-0.23505
0.15154,0.058817
0.29132,0.32008
0.16355,-3.9676
-0.19009,-0.68324
0.011157,-0.40833
-0.051957,-0.33463
-0.33007,-0.16078
-0.54248,-0.21806
-0.066145,0.27346
-0.49561,-0.44114
-0.026645,-0.54356
0.076803,-0.35193
0.16522,-0.034271
0.047028,-0.3226
0.27522,-0.26504
-0.059007,-0.40438
-0.37389,-0.40533
-0.11903,-0.36172
-0.25855,0.073007
-0.053911,-0.49134
0.19655,-0.73853
-0.029642,-0.52087
0.23116,-0.47451
0.10505,-0.64416
0.26647,-1.0675
-0.22242,-0.51432
-0.44671,-0.34912
-0.638,-0.33395
-0.048249,0.4061
-0.03083,0.19329
0.25661,0.35346
0.49725,0.43401
0.051346,0.18921
-0.40526,-0.045592
0.3528,-0.0039101
0.17429,-0.12993
-0.11732,-0.14945
-0.092656,0.031823
-0.29206,0.12108
-0.00042188,-0.27774
-0.7694,-3.5042
-0.5696,-2.8929
-1.5694,-2.6549
-0.43647,-2.6136
-1.427,-2.2296
-1.066,-2.8964
-0.88515,-3.1379
-0.75535,-2.5311
-0.55194,-2.3792
-0.65107,-2.7555
-1.0911,-2.4062
-0.9362,-2.4496
-0.84128,-3.3761
-0.84192,-2.5933
-0.47913,-2.4876
-0.53655,-2.4891
-0.83519,-2.6386
-0.29313,-2.9163
0.1098,-0.34487
0.44325,0.23153
-0.77889,0.18873
0.31145,0.55675
0.271,0.17018
-0.16302,0.099104
0.11155,0.073705
-0.31396,0.091073
-0.015598,0.57944
0.69405,0.24837
0.28345,0.19342
0.12983,0.71385
0.46542,0.32092
-0.96484,-0.15676
-0.14101,0.18264
-0.18697,-0.095936
-0.48124,0.12264
-0.27177,0.17594
0.27504,0.4512
-0.098096,0.55027
-0.28432,0.27067
-0.31952,-1.6149
0.3191,-1.4229
0.99255,-1.3526
0.714,0.33554
1.0928,0.47288
0.95672,-0.042823
0.81428,-0.50174
1.4082,-0.071534
0.085418,1.142
-0.18771,1.1341
0.0051874,-2.0965
-1.0033,-0.53058
-0.13005,0.60258
0.16469,0.60265
0.36352,-0.38656
0.13591,0.29486
0.19965,0.11658
-0.26658,0.20937
-0.31165,0.52364
0.46335,0.26429
-0.23937,0.41285
0.081669,-1.3962
0.12865,-0.40913
0.25868,-0.26059
0.10596,0.022951
0.29602,-0.4146
0.29786,-0.48573
-0.17683,-0.10833
-0.0087038,-0.18791
-0.78038,-0.10666
-0.48204,-0.075034
-1.1714,-0.019196
-0.02882,-0.032344
0.010391,-0.1004
-0.3682,-0.27778
-0.023669,0.013935
-0.41696,-1.0259
-1.0167,-0.1646
-0.74887,-0.32224
-0.21661,0.041704
-0.14736,-1.1006
-0.29282,-1.0446
0.023158,-1.6089
-0.70604,-1.7079
-0.78257,-1.9904
-0.081565,-2.5454
0.25442,-5.6024
-0.55649,-2.2761
-0.47428,-2.3528
-0.64566,-2.4369
-1.2518,-2.9614
-0.79814,-3.3251
-0.95474,-3.4998
-0.32813,-2.964
-1.2251,-4.087
-1.3846,-2.5155
-0.8874,-1.5737
-1.0379,-0.74265
-0.43987,-0.29614
-0.71189,-0.049602
-0.45433,-0.34046
0.098007,-0.25155
-0.45607,-0.90331
0.23185,-0.86219
-0.05632,-0.70924
0.23195,-1.6899
-0.15742,-1.0074
0.059495,-0.60742
-0.13467,-0.67978
-0.73443,-2.8277
-0.58641,-2.2067
-0.035593,0.099381
-0.23715,0.50652
-0.33259,0.75443
-0.27875,-0.49303
-0.59159,0.24785
-0.32964,1.3649
-0.83264,1.5305
-0.92982,1.5143
-0.24914,1.22
-0.31889,1.3287
-0.44978,1.1023
-0.27255,1.3685
0.15857,1.2668
-0.68456,1.6577
-0.47729,0.51624
-0.22934,1.0475
-1.3019,1.0956
-1.1022,1.1145
-0.7506,0.6516
-0.75539,1.035
-0.18029,0.32969
-0.58963,0.81126
-0.22712,1.4379
-0.29609,0.90276
-0.69487,0.84056
-0.92545,1.0652
-0.85542,1.2729
-0.6244,0.77273
0.3347,0.54172
0.03164,0.51192
-0.078868,0.82898
-0.087727,0.5775
-0.14086,0.70893
-0.297,0.98532
0.015965,0.51411
-0.26537,1.1071
0.0038634,0.35257
-0.39771,0.85258
-0.42606,0.3658
-0.14926,0.35642
-0.17892,0.76042
0.0079712,0.41994
-0.29427,1.0161
-0.27129,0.82753
-0.065978,0.92156
-0.31754,0.35248
0.17787,0.75337
-0.21815,0.33226
0.10094,0.38809
0.054754,0.30563
-0.5404,0.81349
-0.062159,0.89007
-0.37127,0.60178
0.20976,1.0777
-0.5455,0.89558
-0.42068,0.94707
-0.94515,1.0921
0.18913,1.0247
-0.75626,0.93615
0.11768,1.0971
-0.38535,1.0145
-0.05189,0.07962
-0.16485,1.2944
-0.15562,0.94438
-0.0059285,1.2073
0.2303,0.85867
-0.0066278,0.5935
0.11865,0.018963
-0.32009,0.95949
0.10922,0.81091
-0.73425,0.77809
-0.04594,1.2399
-0.45054,0.98601
-0.31087,0.005051
-0.85596,0.26753
0.2425,-0.63894
-0.020316,0.42413
0.46113,1.4445
-0.043364,0.80046
0.3241,0.58891
-0.21846,0.19406
-0.54217,0.4397
-0.065146,0.72383
0.019162,0.95799
-0.5785,0.96908
-0.66003,0.75134
-0.46356,0.58032
-0.037991,0.69338
-0.54182,0.28744
0.5502,0.28605
0.01904,0.85949
-0.22843,1.0353
0.036525,0.76972
-0.038712,0.86035
0.20518,1.3368
-0.40917,1.3581
-0.13361,0.19402
-0.32937,0.68995
-0.096964,1.036
-0.10133,0.9522
-0.30661,1.0244
0.13018,0.49396
0.35026,-0.14805
-0.79824,0.56939
-0.44121,0.54925
-0.67687,0.53507
-0.012412,0.077881
0.073095,-0.051529
0.062104,0.67985
-0.36721,0.95585
-0.22279,0.71421
0.096209,0.65215
-0.021782,0.68397
0.12604,0.13065
-0.42487,0.50432
-0.10491,0.26261
-0.017474,0.31664
-0.17874,0.72814
-0.27761,0.65049
-0.55014,1.4045
0.2438,1.3159
-0.37629,0.88532
-1.4726,3.7874
-1.8543,4.0602
0.60973,2.7034
-0.95493,4.8487
-0.23958,0.1006
-0.077713,0.3788
-0.35756,0.64227
-0.39364,0.80777
-0.2303,0.77989
-0.43981,1.0374
-0.019928,3.3222
-0.042764,1.3172
-0.18753,0.88497
-0.37015,1.0967
-0.14901,1.11
-1.6237,3.9592
-0.53511,1.3016
-0.22208,1.5157
-0.59328,0.58926
0.097808,0.39974
0.39241,0.81563
0.030575,2.695
-0.12214,0.9236
0.37357,0.4022
0.42436,0.076518
-0.031529,0.43948
0.57996,0.18082
-0.23938,1.1199
0.16091,0.67074
0.13771,0.18274
-0.017208,1.0654
0.036681,0.53113
-0.29956,0.15448
-0.09219,0.18033
0.071851,-0.30556
-0.037491,-0.22234
-0.15065,0.7512
-0.039656,0.48948
-0.11973,0.84262
0.14615,0.49172
-0.34842,0.53494
-0.14525,0.77939
-0.03708,0.50873
-0.051046,0.14041
0.1172,0.61856
-0.11322,0.88767
0.14814,0.56498
0.080122,0.65353
-0.0032861,0.72172
-0.11291,0.95056
-0.43578,0.3943
-0.07758,0.6705
0.066611,0.40796
-0.05481,0.64291
0.022703,0.55753
-1.5522,3.8102
-0.13351,0.0022707
-0.080988,0.77489
-0.13225,0.66463
0.06529,0.86833
0.080666,-0.19511
0.33394,0.75371
0.18893,0.38378
-0.90752,4.0355
-0.70186,3.4962
-1.0986,3.61
-1.3673,2.7821
-1.0235,3.6906
-1.4011,3.2025
-1.3495,2.6313
-1.5522,2.7717
-1.4478,2.6095
-1.5361,2.9571
0.33066,-0.65141
0.3956,-0.11927
-1.4084,2.7031
-1.0905,2.4763
-1.1358,3.1496
-0.39254,2.1247
-0.21595,0.4376
-0.2818,0.4404
-1.3838,3.1562
-0.80866,3.0847
-1.9117,2.6564
-0.14781,0.80809
-0.9566,2.5748
-0.44157,1.7167
-1.6514,2.7679
-0.51912,0.32444
-0.65511,0.50741
-0.16853,0.13159
-1.4692,2.4312
-0.0088482,1.9303
-1.8825,3.0161
-0.90023,2.4142
-0.10001,-4.7087
-0.67009,0.63461
-0.50842,0.31172
-0.89331,0.64543
-1.0609,0.61598
-1.5193,0.77819
-1.1352,0.56766
-1.4846,0.63331
-0.5261,0.22589
-0.82307,0.89744
-0.90374,0.62854
-0.93461,1.2192
-0.42982,0.30488
-0.47598,1.5048
-1.1818,0.98874
-1.114,1.1113
-1.0641,1.1335
-0.53387,1.2823
-0.29928,1.0524
-0.6205,1.2452
-1.2128,1.4023
-0.73448,1.2162
-0.91785,0.8693
-0.80474,1.1485
-1.1031,1.0203
-0.96273,1.226
-1.6523,1.8307
-1.1926,0.75376
-0.70148,0.90386
-0.95188,0.75158
-1.0124,0.61715
-0.79728,0.44684
-1.6593,1.2749
-0.37205,1.3181
-0.027444,1.6527
-0.96873,1.6495
-0.57106,0.99675
-1.2744,1.681
-0.81153,1.3401
-0.52176,1.3218
-1.6155,0.66184
-0.91357,1.4188
-0.79104,1.4995
-0.66587,0.78861
-1.0639,1.2511
-0.96171,1.4677
-0.75806,0.7603
-1.1598,1.2361
-0.91981,1.2942
-1.1455,0.97012
-1.1649,1.475
-2.404,2.9054
-0.40167,0.86628
-1.1694,0.90169
-0.46714,0.94817
-0.77227,0.99598
-0.99552,1.1151
-0.32076,1.7076
-0.60532,1.018
-0.69811,0.92666
-0.31146,0.65933
-0.66957,0.43103
-0.32907,1.4567
-0.75084,1.755
-0.93167,0.58505
-0.58905,1.0209
-0.50017,1.1851
-0.83092,1.2992
-0.68849,1.2377
-0.14972,1.2962
-0.14492,1.2685
-0.49106,0.81335
-0.56318,1.8939
-0.12348,3.1488
-0.059106,1.762
-0.13238,2.5319
-0.069809,3.1116
-0.26149,0.98275
-0.22732,2.7847
-0.43807,1.0828
-0.27806,1.2339
-0.044696,-0.099768
-0.24056,0.63716
-0.094544,0.57329
-0.34763,0.039954
-0.40389,0.65054
-1.359,2.2482
-0.48136,0.29411
-0.13137,1.1632
-0.479,1.1226
0.094455,0.85455
0.067821,2.6353
-1.2094,3.4741
-0.70202,0.77256
0.13462,0.77903
-0.75291,0.7266
-0.17996,0.38485
-0.2595,3.2075
-1.2684,4.1503
-1.6124,1.8953
-0.84603,2.124
-0.27764,1.5833
-0.32961,2.1865
-0.89967,1.5701
-0.40273,1.2312
0.045917,0.89414
-0.56307,3.3242
-2.2243,3.9761
-0.58685,2.8578
-0.35164,3.6728
-1.8175,4.0077
0.10923,0.53411
-1.5566,3.4064
-0.16642,2.8912
-0.35868,0.93587
-1.7775,4.0932
-1.3475,3.9547
-1.3941,4.677
-1.6559,3.9236
-1.9137,4.0624
-1.5368,4.2499
-1.9596,3.9205
-1.2237,3.2857
-1.8121,3.5626
-1.6603,3.847
-1.7459,3.1576
-2.0188,3.2434
-1.0732,3.4281
-0.33142,2.2483
-0.75626,2.9156
-0.77813,2.6624
-0.38963,2.6286
-0.60059,2.9969
-0.82327,3.5031
-0.34223,1.1101
-0.074816,0.60414
-0.57466,2.8639
-0.74847,3.5358
-1.5133,3.8525
-1.722,3.6658
-1.9972,3.6684
-1.5655,3.3037
-1.9921,3.4784
-1.5791,3.6466
-1.6827,4.4646
-1.8871,4.1554
0.043297,1.6918
-1.8147,4.1561
-1.7564,3.8717
-1.4,3.0242
-1.9931,4.7613
-1.9291,3.7888
-1.3435,1.2792
-0.48831,0.081458
-1.595,1.5396
-0.072806,-0.95371
-0.91817,1.0205
0.077802,1.5597
-0.66527,0.35481
-2.1525,2.6504
-0.40936,0.083685
-0.14748,-0.6457
-1.2688,-0.018055
-0.53749,0.43226
-1.5615,2.131
-1.8171,3.2866
-2.8136,3.6229
-1.0795,3.2047
-2.4611,3.2362
-2.9181,3.4221
-2.1241,3.4248
-1.716,2.9272
-1.6099,2.6817
-1.6552,2.7402
-2.6045,3.326
-3.0316,3.2179
-1.7253,2.8294
-1.8134,2.5307
-1.6611,3.0094
-1.9554,2.7574
-2.3093,2.3836
-2.8172,3.5484
-3.0954,3.3581
-2.8042,3.42
-2.5036,2.5006
-3.4683,4.3096
-2.0009,3.1306
-2.7966,3.8196
-3.1097,4.8011
-1.4926,2.7873
-1.5781,2.0498
-2.1379,3.19
-2.9016,4.0174
-2.6541,3.8847
-2.8072,3.6888
-2.739,3.3641
-1.377,1.5507
-2.0441,2.5589
-1.8636,2.5431
-1.2566,0.83258
-2.7954,3.8435
-2.9771,4.2329
-3.4164,4.0104
-2.8182,3.8482
-0.89166,1.592
-2.1532,3.1513
-2.7039,4.2755
-2.1343,2.4795
-1.3009,1.1547
-2.6649,3.0441
-2.2742,2.5756
-3.6161,3.9891
-2.5148,3.6965
-2.9712,3.8316
-2.9229,3.9414
-0.72817,0.38144
-0.094921,0.37468
-0.73655,1.0264
-0.76143,1.4587
-0.69167,1.9567
-0.19196,1.4701
-0.48466,1.2041
-1.0715,1.0589
-1.0981,1.2769
-0.7514,1.6044
-1.0372,1.745
-0.71969,1.9914
-0.9251,1.5414
-0.83084,1.1591
-0.49701,0.46361
-0.59054,1.168
-0.63425,0.49705
-0.45458,0.10944
-0.72702,1.0493
-0.30497,0.62951
-0.50942,1.2349
-0.63221,1.2238
-0.50821,0.75901
-0.44739,0.73659
-0.86048,1.7099
-0.15734,0.67852
-0.4761,0.65218
-0.2094,0.21008
-1.0419,0.82298
-0.59237,1.2627
-0.069409,1.2507
-0.48038,0.33332
-0.26383,1.3886
-0.5473,1.606
-0.39576,1.0218
0.023758,1.2104
-0.73867,1.0665
0.35204,0.30997
-0.50196,0.45076
-0.17239,0.54916
-0.54487,1.6294
-0.43177,0.80956
-0.16537,0.51593
-0.74292,1.2837
-1.3695,3.0404
0.080933,-0.15494
-0.44416,0.53013
0.09441,0.32615
-0.049648,-0.25561
0.19859,0.52092
-0.28755,1.3487
-0.68282,0.37551
0.081954,-0.56806
-0.54621,0.744
-0.048415,0.0098251
0.016031,-0.16066
0.086128,0.12027
0.23036,0.44238
-0.7672,1.3936
-0.28949,0.65547
-0.5034,0.75083
-0.29127,0.97265
-0.10226,-0.10311
-0.39313,0.77191
-0.69542,-0.0077316
-0.88113,0.08538
-0.52228,0.89219
-0.11379,0.72285
-3.488,3.8457
-0.03033,0.02572
0.12863,0.27912
-2.359,3.1485
-0.31172,-0.40388
-0.54229,0.90922
-0.62631,1.642
0.41437,2.4864
-0.34909,-0.027315
-0.68863,0.62519
-0.26426,0.96352
0.38393,-0.75079
-0.15258,1.4104
-0.041166,1.9941
-0.53761,0.72929
-0.19411,1.5616
-3.8285,4.4911
-1.8617,3.8282
NaN,NaN
-3.132,4.6547
-3.3076,4.9555
-2.1698,5.4576
NaN,NaN
-0.377,1.6167
-2.1845,5.1171
-2.3976,4.6941
-0.0076936,0.40052
-0.23754,0.71802
-3.1855,3.6405
-2.5353,5.2117
0.27371,0.033839
-0.17665,-0.21885
0.17643,0.38314
-2.1316,3.5688
-0.28883,1.3646
0.20618,0.055871
0.38062,0.034426
0.024824,0.42276
-0.61682,1.2318
-2.7656,4.1141
-2.268,4.8227
-2.0885,4.2517
-1.9168,4.6851
-2.2862,4.8649
-1.9995,4.0474
-1.9975,4.251
-1.5764,4.6961
-1.2673,4.3595
-1.5479,4.4594
-1.7196,3.7712
-1.7031,3.481
-1.3335,3.457
-2.7071,2.2007
-2.3291,2.9536
-1.0119,1.8349
-1.6603,3.4862
-2.2494,3.1277
-1.7909,4.019
-2.0672,3.3006
-1.9179,3.226
-1.8882,3.0374
-1.623,3.3195
-1.5055,3.0956
-1.7694,3.2759
-1.2045,3.0848
-1.4571,1.9424
-1.5765,3.5269
-1.8629,1.3798
-0.37447,0.98481
-1.1746,1.5196
-1.5695,0.29284
-1.9932,1.7887
-3.0896,2.9238
-2.4355,2.1158
-2.8361,2.0583
-3.0606,1.7084
-3.7329,2.2432
-4.2062,3.2843
-4.2378,2.9885
-3.6145,3.1534
-3.0106,2.788
-3.9826,3.2808
-3.918,2.5086
-0.21007,-0.75306
-2.9159,2.3949
-0.69247,1.0931
-3.0442,2.5654
-1.9618,3.3412
-2.7264,2.759
-2.4474,2.7752
0.068177,-0.19907
-2.7157,3.2335
-2.0172,2.39
-2.4704,2.5634
0.60272,-0.18762
0.078646,-0.17932
-0.25434,-0.032366
-2.6456,2.4271
-2.0517,2.3804
-1.94,2.3237
-0.58149,-0.81427
-0.34013,0.24954
-1.1405,1.3844
-2.2075,3.0906
-2.0904,2.963
-2.2425,2.6811
-1.7582,2.107
-2.2095,2.4433
-2.1184,1.9199
-1.7645,0.48105
-2.1695,2.5534
-2.6554,2.5506
-1.6899,1.9766
-1.8023,2.5037
-2.2509,1.334
-1.9032,2.7582
-1.9413,2.0673
-1.9062,2.7724
-2.5795,2.8228
-1.981,2.2178
-1.9727,3.0645
-2.0055,2.5058
-2.1762,2.1795
-2.0087,1.5641
-2.6405,2.7276
-2.8623,1.7981
-3.2347,2.8276
-3.4895,3.2553
-3.8051,2.3843
-3.6032,2.7614
-4.2728,2.334
-4.1253,1.4293
-3.4904,1.0133
-3.3393,1.2921
-3.4149,2.5978
-4.4642,1.7618
-3.4053,2.8868
-3.5469,2.6003
-2.9262,3.0555
-2.8506,1.9878
-3.0761,2.0539
0.21815,-1.4807
-2.4208,2.1794
-3.3955,2.9098
-3.1969,1.4034
-3.8066,1.9066
-3.151,2.3182
0.23162,-0.83939
0.25962,0.38935
0.12556,0.21203
-0.12669,0.35778
0.11901,0.46641
0.010391,0.62642
-0.47798,0.59294
-0.48946,0.78838
-0.42413,1.4783
-0.3635,0.68966
-0.29549,1.102
-0.18068,1.2283
-0.5037,1.8218
-0.17736,0.74496
0.014322,1.0693
-0.10804,1.2028
0.13379,1.1114
0.19784,1.2233
0.36656,1.4237
-0.27912,0.782
0.11166,1.0483
0.11204,0.75665
0.17074,1.5696
-0.10237,1.3373
0.019273,1.1645
-0.016287,1.3085
0.0094144,1.6546
-0.22326,1.1544
-0.30269,0.71297
0.088082,1.0116
0.040167,0.76454
0.18456,0.70639
0.10258,0.58523
0.020339,1.2882
0.18831,0.81195
-0.036203,0.49707
-0.22952,0.65636
0.41763,0.76308
-0.017175,0.27555
-0.49058,0.23084
0.19004,0.41343
0.27257,1.2805
0.15644,1.6394
0.19013,1.0598
-0.34948,1.5856
-0.022448,1.1361
-0.019029,0.47843
-0.059772,0.27588
-0.0010547,0.35202
-0.18792,0.60217
0.033639,0.56997
0.0065057,0.51689
0.20604,1.2678
0.21509,0.39752
0.15936,0.54453
0.37371,1.7797
0.10738,1.2443
0.064147,1.4119
-0.082332,1.4436
-0.28783,1.5892
-0.82953,1.2481
0.001843,0.56753
0.049514,1.3166
0.26671,1.4594
-0.23197,1.7356
-0.2458,1.518
-0.095609,1.7187
-0.016686,1.0971
-0.21999,1.5007
-0.54093,1.19
0.12285,1.736
0.17493,1.5181
-0.051846,1.4789
-0.38788,1.5009
0.41978,1.5243
-0.065434,1.761
-0.049448,1.1262
-0.19014,0.81955
-0.0015543,1.1157
0.50707,0.99392
-0.25514,1.0005
-0.4274,1.1969
-0.39718,0.93731
0.30495,1.0276
0.03819,1.0661
-0.46346,1.1005
0.064324,1.3643
-0.50709,1.282
-0.0042631,1.2427
0.053356,1.4382
0.12541,1.0577
0.38287,0.68023
-0.18182,1.3634
0.089259,0.85116
-0.11457,1.1255
-0.056076,0.78755
0.018473,0.17834
0.22963,0.20889
0.13493,0.6711
0.37876,0.77777
-0.023625,0.42506
-0.14783,0.95434
0.55134,0.9631
0.36805,0.94793
-0.34319,0.89218
0.39937,0.4369
0.3444,0.07931
0.1429,0.22145
-0.16377,0.62762
0.18509,-0.11986
0.0088593,-0.12541
0.23582,-0.25526
0.38457,0.33378
0.045185,0.70703
-0.29785,0.52433
0.035226,0.30986
-0.6817,0.41201
-0.6944,0.61434
-0.31636,0.51708
-0.0060838,0.58724
-0.34069,0.7519
-0.54751,0.745
-0.57901,0.75785
-0.65049,0.71062
0.18536,0.2581
-0.12776,0.40583
0.045851,0.53431
-0.075826,0.60651
-0.33958,0.43755
0.19905,0.021888
-0.68687,0.93087
-0.21902,0.73829
-0.34004,0.6384
-0.27858,0.42075
0.67553,-0.99582
-0.22861,0.51347
-0.32868,0.79285
0.98445,0.28777
0.74352,0.76026
-0.11264,0.7886
-0.076181,0.55125
0.082165,0.87608
0.059806,0.89397
-0.217,0.79026
-0.10811,0.55333
0.19451,0.71386
0.42551,0.61633
0.0054844,0.32612
0.27646,-0.017756
-0.15032,0.66848
-0.13966,0.64863
-0.45655,1.0188
-0.045251,1.2026
-0.72203,0.86715
0.40139,-0.071866
0.073206,0.58554
-0.21285,1.1278
0.15693,0.63877
0.0021094,-0.058219
-0.21928,0.64685
-0.2543,0.50129
0.43413,0.23161
0.58731,-0.19712
0.25671,-0.70293
0.47245,-0.37074
0.31794,0.17262
-0.11878,0.27689
0.29728,0.27641
0.24473,0.01471
-0.070164,0.97079
0.37965,0.42019
0.60636,0.47292
0.55669,0.77896
0.38726,1.0479
0.11376,1.2629
0.184,1.3936
0.34021,1.0326
0.53327,1.1481
-0.11228,0.97872
-0.28014,0.41518
-0.19034,0.87963
-0.3784,1.5379
-0.11513,0.62978
0.32237,0.99141
-0.37396,0.69502
-0.28117,1.1107
0.16762,0.4892
0.11676,1.666
0.38031,1.5156
0.35594,0.40832
0.33006,1.0222
-0.047894,1.4063
-0.27756,0.98456
-0.16996,1.0435
-0.12638,0.94356
0.037291,1.112
-0.028177,1.5091
0.017141,0.94531
-0.0048405,1.4351
0.22743,0.75391
0.018385,0.76494
-0.134,0.61569
-0.0019983,0.66695
-0.064102,1.3246
0.22213,1.112
-0.032862,1.2555
-0.53091,1.0562
0.26183,1.2984
-0.055576,1.1588
0.19116,0.84022
0.27559,0.53518
-0.102,0.85637
0.073172,0.51944
-0.29835,1.1096
0.040389,0.45206
0.23698,0.52967
0.32431,0.77057
-0.037547,0.52208
-0.44503,0.37794
-0.5896,0.83545
0.049159,0.48159
-0.19328,0.42228
0.12572,0.63952
-0.015609,0.14107
0.31292,0.39083
-0.19532,0.64942
-0.0089704,0.19994
0.20663,0.88552
-0.011268,0.011077
-0.30358,0.29462
-0.091835,-0.15527
0.22559,0.79542
0.2674,0.5895
0.5958,0.43984
-0.032751,0.54828
-0.026311,0.50811
-0.1748,0.42492
-0.16833,0.097896
0.20718,0.61859
-0.38115,0.31161
0.59393,2.3954
-0.044474,0.33687
0.030153,0.35988
0.23258,2.3362
-0.32118,0.72681
0.65841,2.72
-0.87507,1.8175
-0.036758,1.9417
-0.17887,0.22836
-0.31627,-0.011719
0.38617,2.2311
0.0017097,0.12856
-0.31432,0.41445
-0.84234,0.41972
-0.02982,0.40462
0.062104,0.052792
0.30746,2.3687
0.087472,3.1842
0.15916,2.5015
0.33708,2.667
-0.1965,0.20667
-0.7263,-0.34582
-0.85096,-0.35268
-0.89776,-0.14307
-0.045518,0.31016
-0.4448,-0.32445
-0.48704,-0.30869
-0.57512,-0.29905
-0.37832,-0.2795
-0.19435,-0.37882
-0.62446,-0.31883
-0.78188,-0.20051
-0.23035,0.3393
-0.1748,-0.03395
-1.1232,-0.33877
-0.25518,2.9645
-0.404,0.66983
0.2017,2.7327
-0.16809,2.4064
-0.28837,2.9091
5.4208e-08,2.1683
-0.036858,2.3769
-0.64943,3.026
-0.40546,2.7917
-1.1919,0.15051
-0.58152,1.6441
-0.39731,1.7204
-0.82809,1.8514
-2.6532,2.2445
-1.159,-0.23757
-0.56055,-0.0010634
-1.2963,1.4084
-0.7776,0.078955
-0.42142,-0.44346
-0.95584,1.1218
-0.086306,0.2823
-0.60372,0.99011
-0.22776,-0.19865
0.069276,2.6097
-0.85528,-0.23834
-0.79625,2.1743
-0.23958,2.6273
-0.74391,0.88871
-0.72602,1.6675
-1.2123,1.7458
-2.1149,2.6931
0.13671,2.5616
-0.24685,3.1197
0.019473,2.9168
0.38643,3.1915
-0.78088,2.3845
-1.8426,1.4692
-0.095099,2.1939
0.084796,2.7311
0.13468,2.473
-1.3953,2.9409
0.23762,2.4311
-0.37847,2.8516
-0.17203,2.3562
-0.62151,3.8502
0.12177,2.2327
-0.0077491,1.8432
0.14716,2.0212
0.15032,1.6864
-0.47884,2.0759
0.25109,2.4181
-0.039834,2.0572
0.097774,2.3121
-0.027855,2.072
-0.49397,2.5891
-2.2923,1.7282
-1.699,1.6207
-0.44445,3.1608
0.1951,2.8882
0.33298,1.2404
-0.0079379,2.1106
-0.58653,2.7325
-1.227,1.283
-0.37419,2.1356
-0.054466,2.1856
-0.4784,2.3276
-0.095365,2.1499
-0.28008,0.44704
-0.0080821,2.221
-0.16447,2.4027
0.087161,2.3326
-1.3429,1.0607
-0.38248,2.5925
-0.045052,2.7063
-0.28083,2.6192
-0.7992,0.55785
-0.31935,2.4244
-0.25155,2.9818
-2.0963,0.68284
-1.0689,0.68386
-0.20497,1.8203
-0.34147,0.15992
0.52603,2.2591
0.21122,2.3136
-0.16162,-1.0248
-0.63921,-0.61268
-0.14936,-1.0774
-0.060905,-1.2086
-1.0254,-0.67505
-0.35317,-1.0491
-0.10951,-2.0675
-0.082476,-1.1615
-0.63358,-0.6176
-0.32568,-1.4632
-0.61278,-0.51396
-1.1081,0.69293
-1.067,0.39969
-0.1485,-1.4584
-1.7948,0.32103
-0.35809,0.41478
-1.4676,0.49832
-1.305,0.36274
-1.3838,1.1332
-0.6771,-1.1171
-0.42198,-0.54987
-0.58431,-0.84589
-1.4192,0.81125
-0.78628,0.09577
-1.303,0.10124
-0.36991,-0.59429
-0.21319,1.7184
-1.272,0.3275
-0.79214,3.0315
-0.2529,-1.1448
-0.36596,-1.2184
-0.42358,-1.1046
-0.40884,-1.188
-0.18094,-0.49637
-0.56039,-0.73646
0.60807,-2.6094
-0.44958,-0.64715
-1.2103,2.1879
-0.59129,2.7498
-0.33947,-1.0162
-0.12879,-1.198
-0.26951,-0.88308
-0.51661,-0.18997
-0.2771,2.3747
0.1396,0.61908
0.018718,1.2635
-0.25742,2.1192
-0.35906,1.7628
-0.37782,-0.90191
-0.22843,0.13381
-0.06519,-0.20771
-0.32775,-0.8532
-0.15146,0.84536
-0.075482,-0.86422
-0.28494,1.548
-0.96515,1.9062
-0.92403,2.2746
-0.96824,2.052
-0.79112,2.9056
-0.14297,1.7126
-0.049736,1.9954
-0.20547,2.2224
-0.50234,2.5019
0.40362,0.38385
-0.52461,1.0596
-2.2157,3.9095
-0.55127,1.5926
-0.35781,1.9972
-0.93154,2.7677
-3.2727,4.2766
-2.4055,7.3646
-1.9621,3.4134
-2.9871,6.3959
-3.1044,6.3459
NaN,NaN
-0.59967,0.86578
NaN,NaN
-0.50869,1.808
-1.453,3.1601
-0.9099,2.0537
-1.3561,2.5518
-1.0433,1.3332
-0.75156,1.0532
NaN,NaN
-0.318,0.86102
-0.71598,1.0497
-0.37438,0.89992
-0.28142,1.0235
-0.23067,1.2914
-0.61778,0.8633
-1.298,1.3129
-0.93265,0.93065
-0.83204,0.77752
-0.40844,0.64695
-0.64491,1.0894
-0.50929,1.1673
-1.1895,1.1617
-0.61245,0.93705
-0.45891,1.7127
NaN,NaN
-0.19206,0.62143
-1.0218,1.4519
-0.48526,1.6634
-0.41118,1.9356
-0.85246,1.4566
NaN,NaN
-0.78455,1.7336
-1.4361,2.543
NaN,NaN
NaN,NaN
-4.8381,5.3343
-1.2914,1.0445
-1.988,1.5964
-0.87796,0.68363
0.324,0.64615
-1.4528,1.6331
-1.5251,1.3169
-1.9479,2.1624
-1.0416,0.7078
-0.87682,0.75826
-1.0641,1.1252
-0.58367,0.93725
-0.61287,1.4618
-0.46628,0.77723
NaN,NaN
-1.2706,0.25173
-5.1574,4.4032
-3.5993,5.0624
-4.3729,4.9504
-2.6218,3.1044
-0.88426,0.90828
-0.17004,-0.2675
-0.25908,0.85848
-1.073,0.98943
-0.13099,0.82375
NaN,NaN
-0.82213,0.47694
NaN,NaN
NaN,NaN
-0.29573,2.3092
-0.63355,1.8888
NaN,NaN
NaN,NaN
-4.1765,6.3292
-4.6705,6.1294
-4.3641,5.732
-4.5003,5.8744
-0.63063,1.4505
-4.289,5.602
-3.9004,5.6746
NaN,NaN
-4.2183,5.5138
-3.9875,5.4611
-3.7994,5.8194
-3.1459,5.8077
-1.5936,2.0864
-4.7931,5.8691
-0.38095,0.20452
-4.6099,5.4378
-3.3638,5.0624
-2.0994,5.155
0.28312,1.3756
-0.080933,0.047364
-3.673,3.7995
-3.0091,4.1405
-0.47836,0.91484
-2.4033,3.4866
-2.4602,3.19
-3.0443,4.2896
-3.0384,4.538
-1.6716,3.1488
-3.3707,5.1673
-3.2805,4.7026
-4.6369,5.7406
-4.331,4.9722
-4.2749,5.1061
-1.5279,1.0658
-0.44466,0.13493
-0.51945,1.4605
-3.4032,4.3959
-0.73866,0.94613
-0.58688,2.3441
-0.80829,0.44712
-1.3185,0.91981
-2.6832,3.108
-4.0519,4.9165
-1.3753,1.4818
0.11621,0.46773
-0.031718,0.38953
-0.87058,0.95257
-1.259,1.8298
-1.0922,0.12843
-2.6287,2.5494
-1.7101,1.668
-2.8144,3.7389
-1.1022,2.2563
-2.7057,5.9193
-2.8753,5.332
-2.7106,4.1911
-2.9766,4.4653
-2.9789,5.0773
-3.1903,4.5126
-2.7239,5.6798
-2.5558,5.1412
0.18182,-0.0090829
-2.6983,4.9997
-2.3912,4.9909
-3.1855,5.3524
-2.3136,6.1672
-2.0872,5.6246
-1.9093,5.9332
-1.6812,5.4083
-1.4955,4.8852
-2.5046,5.6021
-1.6685,5.4473
-0.38561,0.7268
-0.53353,0.27063
-1.4001,2.0222
-1.6172,1.8355
-2.4159,3.1262
-2.8811,5.036
-2.3612,5.0243
-3.1739,4.226
-1.9605,5.3449
-1.8815,5.0782
-3.4731,3.7531
-3.4732,3.9864
-0.73179,-0.31079
-1.1091,0.8855
-3.1494,3.8708
-2.6907,3.8972
-2.6005,4.8648
-2.3572,4.0561
-2.2086,4.4531
-1.4874,4.0231
-0.013589,-0.13048
-3.1137,4.0445
-0.38143,0.040873
0.57958,-0.0037439
0.053689,0.73543
0.055087,1.5734
0.13231,0.861
-0.46057,1.202
-0.26651,1.3863
-0.92923,0.94374
-0.093256,0.17704
NaN,NaN
-0.40595,0.79194
NaN,NaN
-0.76739,1.3757
NaN,NaN
-0.94874,0.31023
NaN,NaN
-1.4829,1.0317
NaN,NaN
-0.16275,0.0036332
NaN,NaN
0.0005552,0.99539
0.37325,0.71435
-0.061127,0.80887
-0.22988,1.6303
0.073728,0.70263
-0.14597,1.1961
-0.0094699,0.97967
-0.75656,1.0795
-0.48882,1.2957
-1.6974,2.5844
-3.0273,4.5975
-0.31376,1.7554
0.29169,1.4335
-0.9753,3.0192
0.034305,3.0539
0.4116,1.9525
0.25295,1.3032
-0.14824,1.7166
0.47241,1.3423
-0.11009,1.7475
0.14974,1.1326
0.0093922,0.30206
0.099184,1.1428
0.15867,0.5868
-0.10219,0.8179
-0.28535,0.1826
-0.11766,0.19595
-0.17514,0.35329
0.28783,0.77657
-0.22932,0.38844
-0.7808,0.1642
-0.82602,0.33259
-0.35615,-0.27508
-0.53127,-0.37375
-0.87051,0.45343
-0.8869,-0.24573
-0.58889,0.31471
-0.51312,0.86095
-0.52694,0.23668
-0.17579,0.17867
-0.015876,-0.041383
-0.60947,0.56391
0.20763,0.4841
-0.89163,0.4894
-0.88693,0.74661
-0.42596,0.13979
-0.70477,-0.069418
-1.0342,-0.73634
-0.29842,0.0681
-1.0319,-0.73938
-1.132,-0.23396
-1.0483,-0.70656
-0.83425,-0.098705
-0.88531,-0.1643
-0.94495,-0.26086
-0.53469,-0.23166
-1.0071,-0.67638
-1.5257,-0.70479
-0.97659,-0.33547
-0.79944,-0.77739
0.046839,-0.70109
-0.27528,-0.16212
-1.0462,0.50264
-0.9671,0.34911
-0.60912,0.23261
-0.93222,-0.29564
-0.072284,-0.068443
-0.44594,0.16797
-0.34442,0.62293
-0.33221,0.9221
-0.47177,0.17965
-0.25592,0.66272
0.12396,1.1572
-0.5253,0.76222
-0.55925,0.36498
-0.34961,-0.032178
-0.80543,0.090674
-0.56806,0.51086
-0.46806,0.29544
-0.50115,0.16343
-0.63358,0.36192
-0.70925,0.7364
-0.90883,0.097619
-0.055432,0.18955
-0.15205,-0.39218
-0.37571,-0.0050731
-0.11281,0.14755
-0.43142,-0.014511
-0.63898,0.17368
-1.4814,-0.27261
0.11466,0.20277
-0.54606,-0.25742
-0.080267,-0.098096
-0.25641,-0.17488
-1.5428,-0.21267
-0.09501,-0.33968
-1.7667,-0.8924
-0.41683,-0.33545
-1.5926,-1.1719
-0.51667,-0.72115
-0.46539,-0.28937
-1.18,-0.71994
-1.3068,-0.81266
-0.76567,-0.93127
-1.4342,-1.4073
-0.74675,-0.47452
-1.6236,-0.12231
-2.5596,-0.65891
-1.478,-0.73323
-1.2067,-1.5042
-2.0135,-0.64535
-0.2795,-1.6576
-0.558,-1.0807
-0.12009,-0.92227
0.085751,0.22219
-0.089481,-0.43354
-0.32291,0.185
0.044052,-0.3378
0.053311,-0.3734
-0.39996,0.37258
-0.98929,0.62626
-1.2503,-0.92856
-0.27306,-0.34828
-0.70659,0.10693
-1.375,-0.54716
-1.1958,-0.25576
-0.90298,-0.90125
-0.72626,0.31174
-0.33279,-0.70702
-0.31889,0.38334
-0.36482,0.17022
-0.67558,-0.44036
-0.38943,-0.20718
-1.4216,-1.3329
-1.1729,-0.86537
-0.71143,-0.09464
-0.86417,-1.4086
-0.81125,-1.4171
-2.0071,-0.6475
-0.27628,-0.080306
-0.34017,-1.0677
-0.20734,-0.17528
-0.023669,-0.77249
0.0070609,0.73681
-0.16908,1.3035
0.4161,-0.054852
-0.80566,0.81861
-0.49383,-0.25076
-0.70566,-0.46365
0.096631,-1.559
-0.79456,0.31837
-0.11921,-1.507
0.23266,-1.7618
-0.85842,0.0751
-2.0514,-1.4111
0.12798,-1.1394
-1.215,-1.0619
0.49945,-0.79582
-0.43585,-0.6385
-0.39035,-0.96765
-0.33068,0.24054
-0.53955,0.44936
-0.79875,0.52191
-0.2382,0.071135
-0.48722,0.20707
-0.52862,-0.45347
-0.56073,-0.094972
-0.04987,1.6353
-0.21668,0.46115
-0.08171,0.68694
-0.46695,-0.38656
0.0040633,0.091594
0.5318,2.0278
-0.29287,2.5869
0.19462,0.99528
0.53644,0.50836
-0.31931,1.5971
-0.32405,0.15351
-0.7218,0.19881
-0.3503,-0.69291
-0.0036858,-0.70836
-0.017452,-1.1426
-0.34518,-0.37127
-0.72313,-0.057954
-0.38077,0.047032
-0.38356,-0.20035
0.38509,-0.95839
0.02771,-0.58468
-0.5094,-0.53066
-0.025257,-0.94057
-0.45322,-0.44903
-0.43586,-0.014378
-0.10959,-1.0736
-0.4301,-0.36486
-0.2374,-0.23314
-0.22843,0.31421
0.11833,-0.16165
-0.74776,-0.39664
-0.65355,-0.98355
-1.5462,-0.51478
-0.3647,-0.83789
-1.131,-0.57818
0.99981,-1.4241
0.28361,-0.12202
0.033394,-0.3091
0.013378,-0.43772
-0.33603,0.35308
0.20799,-0.2007
-0.28676,-0.034892
-0.76619,0.11657
0.44805,-0.89893
-0.08937,-0.45538
-0.58036,-0.26945
-1.0395,-0.10422
-1.272,-0.0094152
-1.564,-1.0545
0.37587,-1.4146
0.13436,-0.30501
0.22905,0.59117
0.042065,0.35905
-0.12475,-0.090375
0.025801,-0.88649
-0.24701,0.49674
-0.59058,-0.67855
0.11222,-0.32169
-0.45224,0.31388
-0.75919,-0.15888
-0.66256,-0.23022
-0.46378,0.29793
-0.35395,0.58558
-0.15778,0.64201
0.016064,0.75769
-0.21165,0.77597
0.0026422,0.97049
-0.3386,0.17593
-0.23993,0.57978
-0.711,-0.19762
-1.0297,0.59965
-0.93258,0.7351
-0.92299,0.25346
-1.3581,0.99237
-0.81173,0.46952
-1.0668,0.55568
-1.1435,0.4446
-1.3744,0.64021
-1.429,-0.12379
-1.2578,-0.019539
-1.031,-0.10563
-1.2388,1.2403
-0.93127,0.3642
-0.52148,0.53233
-1.1066,0.41338
-1.4259,1.4244
-1.405,0.92249
-1.0602,1.1055
-1.3725,1.2548
-1.2688,0.64988
-0.7748,0.04732
-0.51588,0.20534
-0.79784,-0.014245
-0.86236,0.28796
-0.90368,1.1682
-0.84685,0.16927
-1.3738,1.5061
-1.0042,1.0053
-1.0241,0.7327
-0.83506,0.9909
-0.5995,0.92485
-0.81581,0.37249
-1.2835,0.34746
-1.2564,0.88018
-1.1085,1.1386
-0.8359,1.0388
-0.89258,1.2589
-1.0149,0.57915
-0.84508,0.6534
-1.172,1.2468
-1.1832,1.3655
-1.7223,0.98446
-1.1914,1.3616
-0.80682,1.1217
-0.91906,0.83162
-0.91589,1.1342
-1.213,0.41441
-1.4301,0.23017
-0.93131,0.88113
-0.81499,1.343
-0.60607,2.1761
-0.44324,1.5466
-0.87013,1.1472
-0.70453,2.8548
-0.52354,2.2985
-0.60727,1.6566
-0.51854,1.8311
-0.5962,2.3901
-1.0813,1.4379
-1.4456,0.42506
-1.3769,1.9761
-0.56586,2.7817
-0.57756,2.9485
-0.28796,3.6733
-0.89262,2.3508
-0.36279,2.2065
-0.72717,2.1628
-0.69028,2.4274
-0.66699,2.3552
-0.58482,2.4045
-1.2039,2.214
-0.53168,2.6976
-0.75515,2.1158
-0.90425,2.2178
-1.319,2.881
-1.2669,3.2177
-1.0378,2.5859
-1.0041,2.4721
-1.0986,2.9335
-0.63347,2.2264
-0.7335,2.8416
-0.51986,3.1557
-0.38326,2.6189
-0.59073,3.0509
-0.70515,2.5054
-0.83846,2.0174
-1.0184,1.7261
-0.97592,1.8504
-1.4037,2.2865
-0.97714,2.4222
-0.98913,1.354
-0.81033,2.5002
-0.7907,2.044
-0.65097,2.5162
-1.6386,1.3176
-1.163,1.3221
-0.84461,0.82045
-1.0244,0.46125
-1.3046,0.69008
-0.5624,1.0944
-1.0236,1.6219
-1.1327,1.1808
-0.68623,0.81631
-1.0414,1.5223
-1.4562,0.91179
-1.3202,0.9921
-1.0342,1.4238
-1.1301,1.2301
-0.43273,0.2722
-0.88586,0.86416
-0.1566,1.1863
-0.67,1.7957
-0.82517,1.4478
-1.2534,1.3679
-1.13,1.1242
-0.77704,0.79726
-1.0719,0.5336
-0.98831,0.76544
-1.0985,0.70789
-0.31981,0.30862
-0.78726,-0.20273
-0.76636,1.139
-0.78868,1.0374
-0.68604,0.25652
-0.82807,-0.025144
-0.98993,0.51691
-0.68881,0.18302
-0.74595,1.3513
-0.64478,1.8112
-1.2223,2.1091
-0.78567,0.95239
-1.2581,2.284
-0.56944,1.1327
-0.96476,0.81138
-0.95446,0.93025
-1.1874,1.1194
-0.78204,1.2203
-1.0481,1.6179
-1.0602,2.0262
-0.78608,1.1814
-1.1371,1.4127
-1.3315,1.5186
-0.95391,1.1819
-0.74955,1.7569
-0.91075,1.6369
-0.98298,1.2148
-0.84505,1.5811
-0.33399,1.4903
-0.66889,1.9238
-0.53964,1.5772
-0.55234,1.2892
-0.77924,1.2977
-0.73292,0.88791
-0.75727,1.3185
-0.77524,0.077161
-0.75901,1.4099
-1.0953,1.9685
-1.338,1.4301
-0.67114,0.72298
-0.90736,1.4686
-0.86471,1.3142
-0.57825,1.3851
-1.0286,1.1598
-0.89194,1.0226
-0.94433,1.307
-0.63545,1.1503
-0.91935,1.5704
-0.88927,1.4827
-0.49372,1.059
-0.77187,0.46389
-1.1577,0.83662
-0.78184,1.0897
-1.183,0.024701
-1.2471,0.30701
-1.3824,-1.044
-1.6537,-0.71698
-1.2173,-0.14331
-1.287,-0.16737
-1.3378,-0.45545
-1.2038,-0.2051
-1.4508,0.44972
-1.5685,-0.16472
-0.71449,-0.86585
-0.9732,-0.45328
-1.0297,-0.48451
-1.0065,-0.23281
-0.71172,-0.41662
-0.35049,2.7457
-0.55962,1.333
-0.9213,0.43055
-0.6806,-0.17017
-0.96238,-0.3107
-0.99937,-0.46199
-0.35257,0.35223
-0.80577,0.13858
-0.46661,-0.17749
-0.72492,-0.46927
-0.47623,0.078047
-0.67071,0.35576
-0.85911,0.4546
-0.45023,0.96817
-0.64242,1.1866
-0.69478,-0.14255
-0.50481,0.36993
-0.70588,0.31531
-0.43981,1.4217
-0.50829,1.6325
-0.55996,1.7497
-0.35264,1.7331
-0.34612,0.95223
-0.66479,1.7611
-0.53227,2.5963
-0.64418,1.8021
-0.41671,0.86411
-0.062126,1.2845
0.090436,4.2445
0.21856,1.3024
0.29793,1.2258
0.072973,1.6126
0.47971,1.0482
0.41266,1.6085
0.33272,3.9289
0.47045,4.2616
0.025346,0.85897
0.067078,0.85466
NaN,NaN
-0.24857,2.292
0.0993,2.5656
NaN,NaN
NaN,NaN
1.5454,4.9054
NaN,NaN
-0.014999,3.724
0.01199,2.5009
0.51941,3.8155
NaN,NaN
NaN,NaN
0.37339,1.7677
NaN,NaN
6.0766,8.9398
5.2289,8.3145
-0.42325,1.9438
-0.27142,3.0835
0.066567,0.95043
0.030864,1.7769
NaN,NaN
NaN,NaN
NaN,NaN
NaN,NaN
NaN,NaN
NaN,NaN
5.0311,7.4573
5.3174,8.0576
NaN,NaN
NaN,NaN
NaN,NaN
NaN,NaN
0.30138,4.1178
NaN,NaN
NaN,NaN
NaN,NaN
-0.56115,5.313
NaN,NaN
-0.21296,5.7323
-0.056264,4.9627
4.3059,6.861
NaN,NaN
1.1367,7.152
-1.0545,4.4162
NaN,NaN
NaN,NaN
NaN,NaN
NaN,NaN
0.034693,1.3382
NaN,NaN
-0.030457,2.0747
NaN,NaN
-0.39028,1.4323
0.076359,1.561
-0.59285,1.8761
NaN,NaN
-1.3503,4.9995
-1.3545,4.7524
NaN,NaN
NaN,NaN
NaN,NaN
-2.2102,3.5604
-1.3026,3.0148
NaN,NaN
NaN,NaN
-1.5136,4.4407
NaN,NaN
NaN,NaN
NaN,NaN
-0.075493,1.4626
-0.934,2.8692
1.1191,0.82475
0.11432,0.87953
-0.052856,0.37828
-0.92523,1.9606
0.45196,0.35069
NaN,NaN
NaN,NaN
NaN,NaN
NaN,NaN
NaN,NaN
NaN,NaN
-2.4835,4.6101
-1.7162,4.5263
NaN,NaN
NaN,NaN
NaN,NaN
-2.121,4.6821
-1.3163,3.8951
-1.7873,4.0647
0.29578,-0.14067
0.020072,0.28569
0.55845,1.4177
-1.1405,4.6529
0.61922,0.44225
NaN,NaN
NaN,NaN
-2.1142,3.102
-0.34869,0.82358
NaN,NaN
-0.58299,3.7475
0.81328,0.58215
0.4005,-0.064522
0.039288,1.5144
NaN,NaN
-0.011802,-0.37232
-2.2001,4.4631
NaN,NaN
0.31296,-0.087373
NaN,NaN
-1.904,3.6573
NaN,NaN
-2.7261,4.1787
NaN,NaN
NaN,NaN
NaN,NaN
NaN,NaN
NaN,NaN
NaN,NaN
NaN,NaN
NaN,NaN
0.24517,0.95284
0.17754,0.71122
NaN,NaN
-0.069232,2.011
0.01441,0.3775
0.52766,0.3922
NaN,NaN
-0.19708,-0.16817
0.86515,-0.34446
0.063747,0.53526
0.33172,0.054808
-0.27829,-0.41641
-0.036148,-0.36538
-0.82509,-0.050732
-0.53355,-0.5672
0.074338,-0.4289
-0.75207,-0.16665
-0.25006,-0.17764
0.34911,0.62002
0.59668,-0.70727
-0.4353,-0.2573
-0.58683,-0.5049
-0.028909,-0.22041
0.42557,0.18668
0.31627,-0.6559
0.42226,-0.40931
0.28997,-0.85014
0.53653,-0.1492
0.29206,-0.94473
0.28121,-0.58707
-0.29102,-0.58784
0.31452,-0.2121
-0.28945,-0.45448
-0.13895,0.13963
-0.31179,-0.62612
-0.19639,0.065552
-0.3661,-0.35005
-0.0050624,-0.15926
-0.6473,-0.80036
0.12596,0.25005
-0.8038,-0.4473
-0.17571,-0.17714
-0.10005,-0.94052
-0.44392,-0.78002
0.085462,-0.46121
-0.058507,-0.17131
0.0086705,-0.74924
-0.16673,-0.94746
-0.073672,-1.3147
-0.25505,-0.22306
-0.092945,-1.2714
0.10105,-1.0041
-0.035948,-0.067635
-0.18343,-0.84526
-0.0037858,-1.0928
0.055976,-0.75107
-0.33886,-0.23442
-0.40283,-0.18056
-0.63454,-0.17973
-0.30262,-0.13219
-0.60742,-0.13956
-0.13822,0.020647
0.22752,-0.43497
0.14799,-0.017158
0.13638,0.35978
-0.21937,-0.79956
-0.34099,-0.1202
0.10633,-0.54916
-0.13638,-0.98708
0.2942,0.10117
0.057463,-0.98751
0.039057,-0.19218
-0.009703,0.29414
-0.18639,-0.15725
0.055132,-0.15341
-0.040744,-0.16801
-0.27886,-0.60534
-0.10027,-0.59009
-0.42518,-0.56773
-0.064957,-0.53341
0.054099,-0.18157
0.081099,-0.82841
-0.52776,-0.75665
-0.079889,-1.1053
0.22652,-0.78477
0.076958,-0.030062
-0.032173,-0.6732
0.048704,-0.28636
0.24353,-0.89081
0.54867,-0.52683
0.51224,1.3191
-0.0027644,0.021256
NaN,NaN
NaN,NaN
0.81488,-0.40325
0.07123,-0.058208
-0.54509,0.73154
-0.069941,0.49181
NaN,NaN
-2.2973,5.3642
0.49463,0.7176
0.13571,1.084
0.56988,0.62697
0.29236,0.39573
-1.9567,4.7154
0.4673,0.60233
0.7504,0.11655
0.50849,0.43822
0.64573,0.080594
NaN,NaN
0.57763,0.50774
0.24659,0.80627
0.24494,0.74228
NaN,NaN
0.74425,1.1317
0.42638,0.62362
NaN,NaN
-1.9318,4.6726
0.31104,2.0318
-0.30649,0.097426
NaN,NaN
6.1622,7.0529
6.1215,8.1559
5.7226,7.2276
3.8302,6.8235
5.776,6.8634
4.4898,7.5046
5.823,7.1793
NaN,NaN
NaN,NaN
NaN,NaN
NaN,NaN
2.5334,6.0162
3.4564,4.5281
3.193,4.3745
4.4115,7.1691
3.0791,6.0894
2.9194,6.7764
2.2961,5.8499
0.76261,0.90805
0.10623,0.03395
3.4332,7.0257
0.39092,-0.15939
2.8419,4.8989
-0.085418,-0.76485
-0.19031,-0.66694
-0.051146,-1.7223
0.021826,-1.3627
0.044252,-1.3835
0.079645,-0.87428
0.50831,-0.50594
-0.21755,-0.89437
-0.004685,-0.11555
0.0272,-2.0627
-0.36617,-1.1409
-0.25181,-2.4575
0.0076603,-2.0073
0.26291,-2.2188
-0.22072,-2.1607
-0.20228,-2.2045
0.70444,-1.047
-0.033505,-2.3102
-0.30081,-1.1874
-0.34763,-2.0175
0.26625,-0.85397
0.19637,-2.1779
-0.24169,-2.0271
1.2178,0.98325
0.18609,-1.9695
-0.36566,-2.0059
-0.17701,-2.2455
-0.71875,-2.5134
-0.5324,-1.159
2.7878,3.0882
-0.15996,-1.5906
0.26842,-2.8666
1.4874,-0.49477
1.7865,2.8925
-0.40641,-0.4883
0.30177,-1.6151
0.28281,-2.2407
0.12527,-1.2202
0.28086,-1.3028
0.20459,-2.0061
-0.724,-0.94801
0.92464,-0.3282
1.7772,1.1491
1.706,1.3319
0.014344,-1.1321
-0.43175,-1.9035
-0.034971,-2.5718
0.13364,-2.7064
0.083808,-1.2078
0.80466,-0.61758
3.6033,1.3751
1.6802,0.62893
2.0215,-0.40438
1.6402,0.18627
1.2016,0.13398
1.6002,0.85652
-0.27166,-1.3887
1.4746,0.45375
1.4386,0.17317
1.9798,0.48583
-0.0088815,-1.3212
1.8127,0.056846
1.4568,0.25166
1.901,0.79955
1.8434,-0.38804
1.5288,-0.46276
1.988,-0.92383
1.8448,-0.77576
1.7876,-0.20264
2.0418,-0.58038
1.9723,-0.93787
1.571,0.77319
1.7681,0.087362
1.1061,1.6798
1.5992,1.1428
1.7687,0.432
1.5728,1.8241
1.7295,0.97613
1.5482,1.3606
2.1361,0.072342
2.2244,-0.29271
2.2156,0.28267
1.8077,-0.90797
2.2294,0.3459
2.149,-0.49584
2.3254,-1.0365
2.4206,-0.82624
2.5508,-0.54281
2.4597,-2.1566
2.0924,1.0003
2.4025,0.25968
2.0273,-0.228
2.5726,-1.0044
2.5791,-1.2573
1.4963,-3.0249
2.4988,-1.5831
2.7589,-3.0653
4.1618,-1.2338
4.2146,-0.84133
3.5899,-0.17958
3.8097,-0.60754
3.8081,-0.30255
2.6278,1.2877
3.195,-0.42127
3.1884,-1.5527
2.8268,0.37209
3.4755,-0.29232
3.3588,-1.2769
3.1089,-1.3693
2.627,0.42796
1.896,0.57083
2.7727,0.63552
2.8715,0.84799
2.0431,0.36472
2.2653,1.9045
2.6936,0.16577
2.172,1.0139
2.0816,0.082666
1.7741,-0.88899
1.8253,-0.55065
2.1643,-2.2751
2.5808,-1.0069
1.9408,-0.7868
1.5013,0.14816
0.86941,0.98384
2.3433,-0.60984
1.7873,-2.1271
2.096,-2.1152
2.6319,-1.5031
2.6049,-0.5255
2.3107,1.6456
2.2132,0.38556
2.3758,0.072663
2.6574,-0.70947
2.4782,-1.5543
3.291,-2.1356
2.3326,-2.8316
3.331,-3.7451
4.4888,-0.55213
3.7487,2.0594
3.2112,3.0184
3.7693,0.11489
3.4263,1.0737
3.6616,-0.11686
3.8329,-0.27843
3.7434,0.56968
3.1191,-0.30926
3.0673,1.5208
2.8355,0.3897
2.4979,1.1254
3.1876,0.91126
2.4439,2.5415
2.9074,2.6136
2.7401,2.1497
2.2489,1.1811
3.028,1.6064
2.9653,2.0954
3.2997,1.8393
3.5507,1.4256
3.141,2.4833
3.2769,1.2504
3.1758,1.2491
3.6657,2.2957
2.7086,1.6575
2.1436,1.6629
2.3392,1.8274
2.3723,1.4271
1.7131,0.795
3.2394,1.9794
2.074,1.8246
2.284,0.75787
2.7194,1.0745
2.2136,0.57578
2.1833,1.1711
2.2829,1.0208
2.4549,1.0623
0.021249,-0.50503
NaN,NaN
2.1325,3.9864
1.0333,2.9748
NaN,NaN
NaN,NaN
NaN,NaN
NaN,NaN
4.7947,7.3474
NaN,NaN
NaN,NaN
1.7036,8.0419
1.3256,7.0803
NaN,NaN
NaN,NaN
1.3414,6.1725
1.3465,5.7344
1.4594,6.4556
1.847,5.017
1.4712,6.6373
2.3456,4.9491
1.9304,5.9003
2.077,5.7656
1.4114,5.0151
1.4558,5.5008
2.1831,5.8727
1.6574,7.1398
1.9919,5.9897
2.2201,6.2635
1.7459,5.7025
2.2143,5.81
1.8979,5.9687
2.422,5.7923
2.1932,5.6057
2.379,5.9487
1.6139,6.6585
NaN,NaN
NaN,NaN
NaN,NaN
5.8147,8.6109
1.9753,5.5728
NaN,NaN
1.5446,6.0403
1.7248,5.786
NaN,NaN
NaN,NaN
NaN,NaN
NaN,NaN
NaN,NaN
4.9373,7.7863
5.5096,7.642
NaN,NaN
2.4753,3.7573
NaN,NaN
1.9434,3.7507
NaN,NaN
6.1425,6.9626
NaN,NaN
NaN,NaN
NaN,NaN
NaN,NaN
NaN,NaN
NaN,NaN
NaN,NaN
NaN,NaN
NaN,NaN
5.1703,4.8234
4.9291,4.1503
4.8295,4.5585
NaN,NaN
NaN,NaN
NaN,NaN
NaN,NaN
NaN,NaN
5.7542,3.9516
4.7927,6.4332
4.7705,4.5186
5.213,4.5579
5.1893,4.8109
5.9187,4.6464
4.9603,4.8235
5.9894,4.625
4.3454,5.7892
6.1581,3.4971
6.527,3.8059
6.6303,2.8801
5.8627,1.0812
6.7898,3.2251
7.0294,4.0871
6.3914,3.9558
3.6503,2.1742
3.9411,2.0021
3.2071,0.4026
4.6568,6.1221
3.9987,5.2276
3.9732,2.5771
5.19,4.2027
4.243,5.2829
4.7731,3.7851
5.1084,4.5881
3.9904,4.3542
3.7937,4.131
5.4408,0.88448
4.7774,3.7345
5.0496,4.499
5.3585,3.1984
3.0476,4.7039
3.1017,1.8974
4.76,2.6487
4.5193,0.23418
4.7079,1.9118
4.9476,2.3216
3.7487,0.62872
3.812,4.3843
3.8075,0.64745
4.3283,-0.23891
4.463,-0.229
4.0713,0.043554
4.338,-1.1651
4.0022,0.51551
3.4507,-0.69839
2.4508,-0.30408
4.1984,-0.61305
4.0678,1.8507
4.1776,-2.0765
3.0154,-2.3549
4.3244,-1.6637
3.3318,-1.18
3.0053,-0.65091
2.9337,-0.96226
3.6952,-1.0329
3.8091,-0.46392
4.2506,-1.0355
4.4171,-0.91059
4.3596,-0.95323
3.8341,-0.46548
3.994,-0.7365
3.9424,-0.78979
3.9361,-0.64706
4.542,-2.0373
3.9541,-1.2671
4.1453,-0.66003
4.1891,-1.9091
3.681,-1.0917
3.792,-1.5496
4.0818,-1.9464
4.2399,-1.4493
3.6571,-0.73725
3.7698,-1.6043
3.9554,-1.1702
3.6305,-0.80237
3.8335,-1.0472
3.5681,-0.79742
3.7055,-0.4193
3.5229,-0.32696
3.1366,0.47554
3.01,0.47442
3.5069,2.1361
3.396,0.58558
3.8087,-0.77485
3.8059,-0.90147
3.8564,-1.8167
4.4505,-2.1124
4.5542,-1.8302
4.6147,-3.0918
4.2588,-1.7635
4.018,-1.2613
4.1378,-1.892
3.6577,-1.7214
3.7818,-2.7004
2.9275,-3.1966
2.5729,-2.6722
2.3657,-3.3103
3.0416,-2.5139
3.4405,-4.0623
1.9548,-0.92967
2.3334,-1.617
3.7384,-3.4846
3.7174,-3.4308
3.8931,-3.2783
3.7905,-2.8321
4.0442,-3.5479
4.408,-4.6103
4.4541,-3.3934
4.3753,-3.7831
3.9152,-3.2289
3.7038,-4.0677
4.2399,-5.2859
4.2137,-4.8882
4.5542,-4.1716
3.6376,-4.1663
3.0712,-2.7666
4.3171,-4.2521
4.4439,-3.5491
3.5704,-4.2241
4.5777,-3.6399
4.6097,-4.559
3.8273,-5.044
2.8299,-4.9794
3.0415,-5.3467
4.0543,-2.1525
1.5981,0.20514
3.1373,-2.3837
3.0112,-4.0819
1.1097,2.9384
1.0316,2.0866
0.73346,1.4337
0.48929,2.0261
0.93014,1.7329
0.37567,1.4976
0.78084,1.6738
0.40167,1.473
0.32888,0.95528
0.21615,0.96627
0.71365,1.6508
0.90197,1.4777
1.0126,1.8315
0.52816,1.7796
0.90838,1.6493
0.56223,1.6175
0.69627,0.97008
0.71209,1.6089
1.0845,1.7937
1.3321,1.1102
0.72977,1.8825
1.3915,0.81618
1.1245,2.5765
1.0505,2.2838
1.3411,1.1038
1.1325,1.9638
1.0874,1.3159
1.0387,2.7792
0.69761,1.7848
1.2814,2.1846
0.98491,1.6013
1.1943,2.0669
0.78685,2.331
0.94152,1.7988
1.0166,1.554
0.92266,1.723
1.5001,1.9927
0.82225,1.2539
0.90447,1.2669
0.92953,1.3318
0.81574,1.2288
1.8242,0.97083
1.3709,1.8095
1.4514,2.1745
0.95834,1.474
0.77226,1.7346
0.97725,2.5637
1.231,1.6421
0.84664,1.723
0.98594,1.8649
1.4261,1.8816
1.0541,1.7685
0.73339,1.9687
1.2052,2.0032
1.3494,2.788
1.7534,1.4852
0.87467,1.6308
0.80193,1.8362
1.2987,0.73815
1.0561,1.5023
0.99955,1.6221
0.85141,2.1587
0.55942,1.4028
1.6699,1.2748
0.28953,1.8229
0.19821,1.88
0.34656,2.2114
1.1541,2.9153
1.5224,1.756
1.8745,2.144
1.6322,2.2668
2.2911,1.5074
1.4315,1.7884
1.4002,1.7426
1.4211,1.7195
1.3712,1.7181
1.395,0.79086
2.1895,0.88669
0.71074,0.18665
1.8759,1.9728
1.3843,1.276
0.91824,0.83561
1.5979,0.77215
1.2286,0.3136
0.77473,0.68277
0.91698,0.35028
1.0951,-0.56635
1.5072,-0.86735
1.5202,0.15423
1.6131,0.89803
1.257,-1.0528
0.77754,0.14281
0.71205,-0.17876
1.162,-0.041604
1.1918,-0.5395
1.0811,0.58782
0.9408,0.45393
1.2234,-1.2222
1.2235,-0.081337
1.4153,-1.4775
1.2954,-0.84797
1.4811,-2.2889
1.3214,-2.1633
1.6526,-1.4042
1.4821,-2.9775
1.341,-1.9444
1.4655,-2.1762
1.672,-1.7852
1.3607,-2.7152
1.5988,-0.59642
2.1255,-1.9785
1.4575,-0.75857
1.0914,-1.6617
1.6729,-2.3407
1.5185,-1.989
1.9161,-0.62885
1.8899,-1.055
1.8795,-1.0062
1.5578,-0.87797
1.3656,-0.8095
1.5362,-0.55601
1.933,-1.5983
1.4357,-1.7126
1.5576,-1.4768
1.3468,-0.74247
1.2995,0.53454
1.5569,-0.75282
1.6631,0.45665
1.3583,-1.5191
1.1114,-1.7923
1.7516,-2.163
1.9531,-0.97458
1.6972,-1.1758
1.9305,-2.2058
1.7722,-2.0635
1.5651,-2.0164
0.85766,0.86957
0.71825,0.62579
1.6005,-0.33184
0.77151,0.85709
0.69814,0.54752
1.178,-0.4683
1.7521,0.7241
1.6848,0.47621
1.3562,1.2217
0.91267,-0.82181
0.51382,-0.35505
0.75612,-0.26753
0.83682,1.0768
0.83222,0.69675
1.3471,0.023372
0.96147,-1.9606
0.42695,-0.27724
1.635,-1.5742
1.1734,0.0098805
1.4968,-1.5956
1.4302,-1.1375
1.5841,-0.42869
0.97865,0.023527
0.73934,-1.0866
0.64295,-0.8878
1.2959,-1.0634
1.1605,-1.5618
0.80864,-1.6784
1.9835,-0.56308
1.1962,-0.61338
1.4811,-1.5217
1.4752,-1.5293
1.4014,-1.6211
1.4814,-0.97108
1.6165,-1.3632
1.4414,-1.174
0.96365,-1.2226
1.3091,-1.0514
1.5118,-2.7742
1.5343,-2.5078
1.5071,-4.1136
1.5662,-3.7064
1.6131,-4.529
1.3605,-3.3179
2.0657,-3.1789
1.9631,-4.9522
1.7625,-3.0454
1.9653,-2.0722
1.5571,-2.7149
1.8069,-2.5601
1.3225,-3.3009
1.2659,-3.1769
1.2949,-1.8182
1.2517,-3.7878
1.3982,-3.9641
1.225,-3.3664
1.91,-3.8105
1.5106,-1.2841
1.4341,-2.1147
1.577,-4.6723
1.5926,-4.1608
1.4147,-4.9223
1.2457,-4.9067
1.8272,-3.7903
1.5866,-4.6016
1.9648,-4.2286
0.5459,1.441
0.25241,1.1849
0.35149,0.71199
0.1737,0.55262
0.72902,0.87353
0.77895,0.62079
0.77643,0.70886
-0.099972,-0.13716
0.63128,-0.54874
-0.13328,0.23324
0.47463,-0.48199
-0.026289,-0.093288
0.19737,-0.87187
0.63743,-0.35577
0.72426,0.056735
0.19909,-0.054287
0.074249,-0.26843
0.83111,-0.52603
0.64566,-0.29092
1.0567,-1.1758
0.91548,-0.53062
0.18723,-0.38145
1.0643,0.057765
0.78618,-1.0522
0.15332,-0.38408
0.92527,-0.19116
0.55962,0.36978
0.26942,0.10237
1.3028,-0.51893
0.12401,-0.18063
1.0355,-1.6255
1.5296,-1.8518
1.9286,0.39624
1.6613,-1.4164
1.8833,-0.71516
1.624,-1.5971
1.0597,-0.60937
1.1846,-0.63174
1.5998,-1.9084
1.6053,-0.67245
1.4675,-1.2886
2.507,-0.12537
1.9998,-2.1694
1.6303,-1.3713
1.7382,-0.80927
1.2574,-1.688
2.0187,-0.36311
1.7471,-1.3469
1.7575,-0.34081
2.8775,-0.83619
1.7124,-1.2683
1.709,-0.96727
1.963,-2.6761
1.9496,-2.0865
1.7541,-1.0058
1.2521,-1.6801
1.169,-0.42014
1.2949,-1.4388
1.1759,-3.0892
1.4793,-1.902
1.6319,-2.1336
1.6111,-1.8093
1.7876,-1.5525
1.4417,-1.9301
1.7629,-3.0713
2.2877,-3.0817
1.7108,-2.1409
1.8562,-2.4997
1.6175,-2.5852
1.7427,-1.4186
1.1763,-4.7827
1.976,-3.3041
2.124,-1.9044
2.4815,-1.4138
1.6389,-1.6604
2.1695,-0.92134
1.627,-2.2351
2.2973,-1.5787
1.756,-1.6446
2.3743,-2.8656
1.6394,-4.2191
2.4159,-2.0899
2.0126,-2.6846
2.1895,-4.721
2.1153,-4.1537
2.0638,-4.8898
2.2723,-2.5391
1.7696,-4.0877
1.9103,-3.7658
2.4014,-2.9281
2.2909,-2.4554
1.5733,-2.7884
1.7183,-0.75736
1.8356,-1.7815
1.0581,-3.0433
1.8339,-3.8758
2.0587,-2.7133
1.4741,-3.8303
1.8117,-4.6122
1.9265,-4.1416
1.4521,-3.3198
1.8711,-4.789
1.6986,-0.39853
1.8256,-2.2421
1.7663,-3.2866
1.7409,-4.8161
1.6904,-4.1993
1.2574,-3.7213
2.3605,-4.3619
1.726,-5.1131
2.1141,-6.363
1.388,-4.3853
1.8649,-1.9583
2.1902,-4.6591
1.5942,-5.5897
2.5282,-6.0803
1.849,-4.2389
2.1206,-5.2355
2.0066,-6.5334
2.4461,-8.2293
2.4219,-5.8417
2.0443,-6.639
2.0307,-3.5132
1.5406,-4.7087
2.3202,-4.8217
2.1685,-2.9274
1.8312,-4.6116
1.7001,-1.6584
1.7476,-4.6912
2.5934,-5.8008
2.4233,-5.2583
2.454,-1.3613
2.759,-4.4048
2.5532,-4.9194
2.573,-4.8634
2.1284,-2.2507
2.0405,-1.9809
1.1567,-1.0616
1.5975,-1.1589
1.4373,-3.1179
1.7438,-0.16267
2.1771,0.29477
1.9893,-1.8404
1.7446,-1.1508
1.467,-1.5522
1.0143,-0.50889
1.9072,-0.54309
1.9097,-1.5169
1.4445,-0.41982
2.0036,-2.2721
1.6977,-1.3456
1.8306,-0.81235
1.8342,-1.2404
1.3005,-0.76329
1.0264,-1.3138
1.1737,-3.2061
1.4915,-2.5653
1.2496,-3.7636
2.0285,-4.1071
1.5667,-4.7312
2.0943,-4.7399
2.062,-4.9287
2.4124,-3.6981
2.1037,-3.255
1.8934,-2.6517
1.6405,-4.7835
2.2134,-2.8496
1.7192,-3.016
1.838,-3.0262
1.71,-2.1673
1.8563,-4.0653
1.8312,-6.3451
2.0713,-4.3377
1.3254,-3.3951
1.8125,-5.2053
2.0431,-4.3824
1.5371,-5.1212
2.4897,-4.5009
2.2583,-3.3979
2.104,-4.7068
2.2364,-3.5474
2.1862,-5.5419
1.7113,-5.8674
1.8938,-2.8112
2.4823,-3.8106
1.7497,-2.2644
2.3731,-2.8792
2.1425,-4.1601
1.8319,-1.7888
1.5588,-2.8201
2.3303,-3.5466
2.4552,-2.3229
2.5825,-1.7288
2.6338,-1.2511
2.5993,-1.5496
2.2799,-1.1589
1.7465,-1.2868
1.7687,-2.3281
1.5406,-0.94362
1.7893,-1.2531
2.0845,-1.4989
1.9059,-1.3202
1.9647,-1.6488
1.3473,-1.4639
1.9721,-1.1053
1.8436,-0.25827
1.79,-0.87413
1.5798,-1.1283
0.92397,-0.98802
1.1704,-0.9813
1.3404,-0.2387
1.9071,-1.0502
1.1576,-0.63589
1.0434,-0.96572
1.7212,-2.4533
2.0816,-0.78736
1.8002,-1.5791
2.9975,-0.85521
2.4652,-1.28
2.165,-0.89084
2.1791,-1.2657
-0.76239,-1.0278
-0.050092,-0.1765
0.218,-0.25778
-0.25372,-0.43482
-0.25368,-0.7308
-0.29433,-0.69998
0.0016209,-0.38299
-0.76281,-0.83016
0.043808,-0.73712
0.1928,-0.39493
0.25721,-0.33534
-0.67981,-0.56937
-0.89916,-0.52716
0.22401,-0.23999
-0.21382,-0.51226
-0.28378,-0.8341
0.20463,-0.78675
-0.34585,-0.45825
-0.46648,-0.78915
-0.21702,-0.78084
-0.60186,0.028523
-0.27719,-1.0119
-0.28494,-1.1503
-0.28678,-0.83557
-0.51366,-0.8767
-0.034904,-0.9882
0.063303,-1.3788
0.37387,-0.21384
-0.14011,-1.0596
-0.14026,-1.6549
-0.36039,-1.1035
-0.63059,-1.4434
-0.23956,-0.87424
-0.47603,-0.19079
-0.78509,-0.40648
-1.0064,-1.0861
-1.027,-0.8458
-0.60831,-0.62665
-0.4374,-1.1175
-0.74456,-0.91104
-0.33235,-1.5295
-0.32522,-1.4098
-0.42044,-1.7705
-1.318,-1.2368
-0.1435,-1.7998
-0.39822,-2.1505
-1.0224,-1.5816
-0.2093,-1.269
-0.30202,-2.5889
-1.0076,-2.0847
-0.61736,-1.9536
-0.037347,-1.755
-0.68465,-1.6784
-0.48062,-1.6964
-0.85225,-1.6778
-0.71703,-1.0911
-0.79451,-3.0383
-0.63707,-1.6708
-0.86575,-2.2968
-0.42778,-2.1153
-0.17146,-1.6076
-0.32748,-0.84101
-0.29598,-1.3718
0.24835,-1.3534
-0.87544,-0.47307
-0.57005,-0.60332
-0.55494,-1.8643
-0.66696,-1.8899
-0.81976,-0.74786
0.09934,-1.198
0.010391,-1.7638
-1.0936,-1.0619
-0.29991,-2.077
-0.84865,-1.3263
-0.88493,-1.7782
-0.30462,-2.3323
-0.01048,-1.6918
-0.98314,-1.8889
-1.1645,-3.0083
-0.32298,-1.2922
-0.60781,-2.4217
-0.15596,-2.141
-0.31352,-1.1507
-0.91789,-1.591
-0.81537,-0.74233
-0.53685,-3.2514
-0.30668,-1.4026
-0.57872,-0.85143
-1.2188,-1.4732
0.11855,-1.8847
-0.14117,-1.9167
-0.51342,-1.2958
-1.1077,-1.3669
-1.0055,-1.2752
-0.24593,-1.3562
-0.19004,-1.6944
-0.74823,-2.9726
-1.364,-0.29964
-0.04463,0.37659
-1.0609,-0.22797
-0.68263,-1.1992
-1.8702,-2.6611
-1.8234,-2.2492
-1.4924,-2.1321
-1.277,-2.1499
-0.56204,-1.0308
-0.28631,-0.78681
-0.47754,-0.4008
-1.0491,-1.882
-1.2952,-1.5373
-0.88822,-1.6154
-1.5792,-2.6693
-0.7452,-1.9843
1.1528,-1.6906
-0.57974,-1.0762
-0.70546,-1.7011
1.0021,-1.1944
0.66961,-1.4609
0.17943,-0.89556
-0.834,-1.4436
-1.0309,-0.89163
1.1136,-1.1546
-1.5348,-1.4967
-0.46017,0.10938
0.54712,-6.7149
-0.61027,-0.36996
-0.00024421,0.8711
-0.66047,-2.1715
0.33148,-1.1586
-0.075237,-0.40832
-0.61866,-0.04557
1.6579,0.62209
-0.69778,-0.89272
-0.41245,0.044517
-0.24067,-1.3644
1.0012,-2.2754
0.25174,-1.1209
0.083242,0.57361
0.19476,-0.39152
1.6609,-1.9051
0.086461,-0.78889
5.2371,-5.3364
2.3311,-5.429
2.0269,-7.2908
-0.25537,-2.2029
1.7669,-5.6527
0.1241,-0.93317
0.99868,-5.3691
-0.59173,-0.57282
0.23731,-1.9149
0.12593,-3.4931
14.586,-15.751
0.087172,-1.9484
0.65401,-5.8548
8.146,-9.68
4.402,-9.3543
-0.37564,-5.7977
-0.61893,-0.38955
0.89375,-5.7705
1.9686,-5.0087
NaN,NaN
0.43748,-2.8757
1.0667,-3.64
2.5196,-0.47072
9.031,-13.374
0.28248,-3.5306
1.0405,-8.9062
-0.1098,-3.3819
3.5305,-8.9345
0.34227,-7.4123
1.1761,-8.2764
0.60877,-5.9562
19.004,-15.242
0.16837,-3.9578
0.66622,-6.7095
2.2812,-6.7035
0.87385,-3.4914
0.87578,-1.3927
1.3213,-2.7593
1.9558,-7.8702
-0.73377,-1.8796
0.53749,-2.0138
0.20181,-1.1599
0.23493,-0.63118
-0.017941,0.20275
-0.54757,-0.49345
0.33941,-0.66473
-0.91175,-0.52268
-0.37702,-1.6792
-0.035948,-1.3731
-0.98916,-2.1357
0.81017,-3.8868
0.51897,-3.1299
2.9109,-6.7201
1.2296,-6.0768
0.97963,-14.938
0.18106,-3.5574
2.9314,-1.8881
0.88342,-3.5974
6.3794,-7.0326
-0.26744,-4.0123
-0.22541,-0.9882
-0.17462,-4.6063
1.3753,-6.687
0.039523,-1.1583
0.91609,-3.6621
0.66067,-5.9022
0.77226,-5.6971
0.52532,-4.918
1.3443,-6.6166
0.79113,-4.4197
1.0611,-4.4082
1.0131,-2.8884
0.6527,-3.8197
0.64116,-2.2882
1.6596,-4.48
0.010414,-2.5624
1.0418,-5.0316
7.72,-9.6913
1.5277,-10.705
0.57379,-7.0451
0.24359,0.67495
0.19026,1.2083
-0.2652,1.0517
-0.62872,1.4856
-0.44329,1.4619
-0.18874,1.446
0.13857,0.91765
-0.53333,1.3422
0.064768,0.64677
0.31406,0.64767
0.14386,0.20255
-0.093345,0.14136
-0.18489,0.58224
-0.1186,0.36315
-0.18427,0.72841
-0.27929,0.81101
0.55771,0.66516
-0.36028,-0.11987
0.4679,0.78736
1.4564,0.91283
-0.65982,0.62143
-0.48011,0.31451
-0.037147,0.88368
-0.19442,0.48857
-0.094122,0.703
0.15236,0.54442
0.0073384,0.91142
-0.28981,1.0974
0.0034528,0.404
-0.091901,0.79529
0.52927,1.1631
0.87764,1.1283
0.46831,1.102
0.7347,0.75798
0.75347,0.70247
0.62223,0.7619
0.54526,0.90093
0.71025,0.58284
0.12336,0.063293
0.087838,0.91846
0.04312,0.28773
0.12344,0.93871
-0.074793,-0.27438
0.53087,0.36256
-0.032728,1.6943
0.24789,0.90817
0.12623,0.38255
0.26502,1.5287
0.19647,0.86494
0.71095,0.8996
-0.098185,1.2086
0.70588,0.95509
0.21201,1.2016
0.16534,0.57503
0.27926,1.5848
0.65728,1.0023
0.36758,0.58228
1.0214,1.2087
1.1481,1.4124
0.9248,1.2132
0.80671,1.386
1.0157,1.2258
0.56765,1.3596
1.0461,1.8259
0.85007,0.77145
1.1148,0.99932
1.0127,1.0209
0.71609,1.0685
0.76405,1.1352
0.7935,0.78022
1.1101,0.44927
0.62226,0.76948
0.7603,1.3729
0.67411,1.217
1.162,0.5862
1.3,1.1611
0.47332,1.3408
1.3876,1.0067
0.7702,0.12973
0.6964,0.069208
0.1364,0.78982
0.62639,1.5476
0.17071,0.75288
0.47885,1.2068
0.55112,1.2643
0.89985,1.2645
1.3179,0.37703
1.1129,1.2832
0.73779,0.77429
1.0333,0.92418
1.321,0.32583
1.3996,0.74232
1.4348,0.90823
0.98791,0.66294
0.78184,0.90094
0.78219,1.08
1.0829,0.17122
0.40975,0.8088
0.92059,1.5167
0.077957,0.3621
5.4353,-8.3412
0.27628,0.58157
-0.79509,1.6114
0.32968,1.5272
0.77959,1.0553
0.63741,1.1802
1.5892,1.9582
0.68698,1.2756
1.3769,1.155
0.57048,0.78583
0.63666,0.57664
0.86688,1.7408
1.1588,1.8777
1.0298,1.4786
1.1828,1.5472
1.0566,1.4914
1.2232,1.3951
0.80575,1.238
1.0014,0.65243
0.38068,0.58839
-0.016109,1.0622
0.96429,0.84436
0.73552,1.4431
0.87757,0.72772
0.64378,1.8219
1.0477,1.5885
1.5833,2.1029
0.75915,0.91804
0.57419,1.1157
0.57509,1.2115
0.80862,1.4075
0.92931,1.4786
0.74272,1.2656
0.89013,1.1277
1.1436,0.85519
0.32038,0.87167
1.0126,0.53023
0.47398,0.58468
0.62608,1.4393
1.1901,1.5933
0.50973,1.2661
0.4695,0.73317
1.2509,1.2678
1.1489,1.3977
1.0622,1.308
1.1963,1.0156
1.1155,1.2876
1.1128,1.5588
1.4992,1.7815
0.92311,1.3324
1.5605,1.4842
1.4095,1.4934
1.03,1.4227
1.4672,1.1845
0.86415,1.2447
0.84037,1.0841
0.50234,1.5677
0.56036,1.3275
1.3697,1.1082
0.79214,1.2466
1.0588,0.89837
1.4077,0.99551
1.2527,1.4513
1.587,1.6403
1.2035,1.7492
0.904,1.6699
0.69929,1.3418
1.0768,0.92834
0.67013,0.87019
0.073039,1.628
0.4935,1.7373
0.93967,1.8394
0.78305,1.3624
0.55869,1.4862
0.80107,1.4666
0.80415,0.99525
1.0565,1.2624
0.89248,1.1806
0.27516,1.1855
0.9833,1.2751
0.52277,1.3938
0.74212,1.0785
0.83351,1.3123
1.1604,1.298
0.75964,1.0472
1.3266,0.73893
0.62938,0.99255
1.4348,0.73082
0.38284,1.6476
1.1523,2.0513
0.35737,1.6248
0.97161,1.191
0.96768,0.94401
0.9402,0.58257
0.86333,0.7884
1.2693,1.2206
0.60929,1.2609
0.98991,1.0588
0.70858,1.7749
0.37698,1.6402
0.88844,0.97117
0.7929,1.3387
0.4153,1.445
-0.060583,0.92651
0.094188,0.95535
0.73328,1.2661
-0.078113,0.62362
-0.43328,0.42027
-0.16444,0.23939
0.08997,1.3933
0.56295,1.4491
0.42738,1.7838
0.6648,1.7017
0.097186,2.0854
0.6258,2.0927
1.1019,1.7288
0.95536,1.5034
1.0649,1.717
0.3915,1.4029
0.98143,1.0843
0.24587,1.5738
0.84115,1.3344
0.457,1.9701
1.2108,1.7265
0.58158,1.6504
0.79991,1.1703
0.85462,1.2349
0.32985,1.2101
-0.019606,1.1115
0.63865,1.8818
1.0504,1.3788
0.70639,1.2582
0.57339,1.6023
0.72394,1.4073
0.18275,1.4904
0.67921,1.4346
0.22883,1.5869
0.37351,2.4117
0.21102,1.5002
0.58067,1.7307
0.60834,1.8222
0.99682,1.7234
0.68516,1.0734
0.24651,1.9418
1.0836,1.8807
0.4449,2.0309
0.43196,1.3931
0.40762,2.0339
0.2698,1.1426
1.0701,1.9121
0.67116,2.4401
0.47394,2.1239
1.2558,1.7011
1.3529,1.7145
1.0805,1.6262
1.1005,1.9613
1.2612,2.3026
1.6821,1.9431
1.8174,1.9625
1.3529,1.9455
1.3842,2.1063
1.8098,1.7225
1.1602,1.5365
1.4229,1.832
1.3818,1.6127
0.67253,1.7195
0.53241,1.7443
0.81459,1.8866
1.0805,2.32
0.92846,1.1922
1.1217,1.642
1.0319,1.7926
0.92016,2.5281
1.3463,2.3531
0.86688,1.7162
1.1444,2.8146
1.6202,2.6283
1.0115,1.4804
1.377,1.5055
1.0972,0.93599
1.0028,1.3888
1.1589,2.086
1.4311,2.2629
1.3237,2.1636
1.1726,1.1658
1.219,2.1611
1.6303,2.1512
1.0535,2.1738
1.6094,2.0244
1.3313,1.3707
1.6006,1.7005
1.6249,1.8391
1.6137,1.8204
0.96232,1.7773
1.6532,1.3044
1.2644,1.8774
1.556,1.942
1.1957,1.5589
1.2097,1.5721
1.1978,2.1072
1.3683,2.3623
1.3277,2.5967
0.9515,2.1674
1.5896,1.6016
1.2753,1.885
1.3495,1.8169
1.0914,1.6336
1.3441,2.0559
1.5115,2.806
1.2208,2.2502
1.6554,1.8878
1.8372,2.2765
1.4229,1.7837
1.4986,2.0782
1.7249,2.0754
1.5032,2.3686
1.8796,1.8717
1.4664,2.4177
1.4303,2.2565
1.6003,2.089
1.3309,3.1565
2.2661,2.2203
1.9953,2.6447
1.4045,2.3023
1.7862,2.4232
1.7085,2.0712
1.7644,2.3581
1.8392,2.4963
1.8624,1.7655
1.5883,2.0015
1.7203,2.5812
1.4057,2.5089
1.3922,2.2163
1.7003,1.7161
1.8782,2.0561
1.82,2.5455
1.6724,1.8294
1.4112,1.468
1.5184,2.127
1.2912,1.9487
1.0473,2.0771
1.0902,2.4632
0.95491,2.3764
1.0414,1.9314
1.0679,1.9659
1.0985,1.9023
1.4539,2.1179
1.4603,1.6236
1.1015,1.471
1.5158,1.8965
1.5031,1.5029
1.3072,1.5789
0.83639,1.4971
1.2137,2.277
1.3729,1.5637
1.4556,1.5242
1.385,1.155
1.119,1.3123
1.3483,1.865
1.1547,1.8654
1.5409,2.1781
1.5373,2.0946
1.342,2.1199
1.4245,1.8131
1.4778,1.6917
1.2074,1.6386
1.2,1.4597
1.2008,1.8304
0.97783,1.5063
1.4546,1.0768
1.7157,1.2474
2.111,0.67271
-0.093911,1.5272
1.1921,0.97655
0.96633,1.4962
0.36177,1.388
0.41299,1.0271
1.1905,1.9887
0.85848,0.8101
0.93945,0.39615
0.46107,1.4206
0.25155,1.3919
0.76687,0.60413
1.0743,1.5586
0.59275,2.8816
0.66443,1.1969
0.91297,0.83405
1.0328,0.81036
0.59538,1.1441
1.0547,0.97167
1.0747,1.3427
1.3873,0.87949
1.1132,1.1741
1.0593,1.0133
1.0443,1.4417
0.48512,1.0658
1.008,1.053
0.92798,1.0645
1.2103,0.51753
1.2536,1.0588
1.4065,1.4242
0.78692,0.57708
0.9189,1.2625
0.87969,1.3327
1.0714,0.6514
1.3257,1.1594
1.4498,1.4202
1.1099,0.60388
1.0572,1.3951
0.90646,1.2712
0.75387,0.93386
0.42891,0.51587
0.96269,1.1495
0.98994,1.1397
0.64975,0.24727
0.7436,0.99279
1.0124,0.88798
1.4976,1.6211
0.90689,0.8641
0.23298,0.91637
0.90614,2.3019
0.82296,0.565
0.89944,1.3603
1.4843,1.0611
1.0221,1.3553
1.0941,0.76337
0.48409,1.3576
0.86048,0.93552
0.6401,-1.5942
0.8566,-1.0836
0.011413,-1.5155
0.43515,-1.8758
1.0255,-1.7971
0.59284,-1.926
1.1793,-1.4199
1.1774,-1.6912
1.2946,-1.279
1.4788,-1.2467
1.299,-1.4778
1.4035,-1.4395
0.71518,-0.98592
1.306,-1.197
1.0805,-0.54475
1.2584,-0.3641
1.5064,-0.9948
1.7648,-1.0559
1.4652,-1.028
1.284,-0.61458
0.76095,-1.0879
1.6061,-1.4443
1.638,-0.88626
1.7575,-1.1865
0.64755,-0.64174
1.5371,-1.4092
1.0154,-1.5624
1.0426,-1.1046
1.2189,-1.325
1.3479,-1.4508
1.2796,-1.2055
1.8212,-1.2336
0.95989,-0.3952
1.6114,-1.383
1.1698,-1.5138
1.2284,-0.82012
1.9522,-0.75674
1.3563,-0.91384
1.2989,-1.1739
0.90365,-0.62883
1.0844,-1.5277
1.2123,-1.7317
0.919,-0.78103
0.91242,-1.6078
0.75344,-1.3898
1.2409,-2.1269
0.76137,-1.2617
0.7887,-1.5524
0.95743,-1.5986
1.3687,-1.3734
1.4543,-1.3646
1.3473,-0.44701
0.98467,-1.2839
1.2767,-1.5019
1.0396,-0.90871
0.99788,-0.7161
1.3439,-0.595
1.191,-0.80168
1.5971,-0.51354
1.8804,-0.74835
1.7509,-0.83244
1.3019,-0.30574
1.4424,-0.967
1.9222,-0.69521
1.5603,-1.382
1.9263,-1.5526
1.5337,-0.9487
1.5475,-0.23334
1.9465,-0.58846
1.5947,-0.72061
2.1954,-0.39345
1.7993,-0.83975
2.2612,-0.39054
1.7405,-0.48915
1.4403,-1.3236
1.8063,-0.74497
1.7994,-1.4719
1.6667,-0.87636
1.936,-1.4523
1.8204,-1.1933
1.8605,-0.50518
1.4417,-0.61556
1.6747,-0.87726
2.0842,-0.36779
1.318,-0.7829
1.3971,-1.1724
1.7803,-1.0731
1.5044,-0.54888
2.2248,-0.45031
1.6844,-0.5419
1.9147,-0.75674
1.9712,-0.31423
1.9108,-0.64264
1.8001,-0.96738
1.9039,-0.52503
1.9211,-0.63341
1.5299,-0.88914
2.0233,-0.47586
1.882,-0.51209
1.7102,0.053711
2.2111,-0.17157
1.5345,-0.64514
1.5009,-0.036177
1.6519,-0.6317
1.7486,-0.40451
1.5286,-0.46463
1.656,-0.47047
1.7811,-1.4515
1.7564,-0.47834
1.8238,-0.1473
1.6852,-0.24609
1.7297,-0.42252
1.9133,-0.58729
2.3184,-0.13529
1.8354,-0.15607
2.0085,-0.019196
1.9356,-0.30131
1.3294,-0.24737
1.6909,-0.20133
1.8443,-0.14741
1.9657,-0.9234
1.9939,-1.0545
1.759,-0.27408
1.801,-0.32078
1.6083,0.14351
2.6551,0.21164
2.0719,-0.016482
1.8562,-0.023017
1.4724,-0.11418
1.6149,0.11184
1.5905,-0.51438
1.7442,-0.75242
2.0604,-0.5189
1.9138,-0.91128
2.2642,-0.44099
1.5694,-0.75478
1.6767,-0.8253
1.956,-0.11281
1.5435,-0.6016
1.8716,-0.78993
1.234,-0.58997
1.7679,-0.59571
1.7602,-0.75583
1.5355,-0.85199
1.8941,-0.50926
2.0942,-0.16363
2.0949,-0.3174
1.8583,-0.028046
2.3578,0.25441
2.3962,0.1035
1.995,-0.61022
2.2255,-0.3185
1.8934,-0.54421
1.7544,-0.15062
2.2212,-0.83539
1.6006,-0.66503
2.1354,0.25799
2.0548,-0.24695
1.3848,-0.52095
1.8063,-1.0304
2.0305,-0.26812
1.6952,-0.44393
1.6916,-0.67588
1.9207,-0.73273
2.154,-0.29553
2.5179,-0.070105
2.2516,-1.2177
2.2071,-1.145
1.9114,-0.73882
1.9351,-0.96844
1.6521,-0.62796
2.2473,-0.67017
1.8286,-0.87667
1.9927,-0.74804
2.281,-0.22045
2.0461,-0.26163
2.1247,-0.64234
2.3264,-0.05977
2.2705,-0.83873
2.1679,-0.95898
1.7324,-0.079066
2.0371,-0.45862
2.1701,-0.51961
1.8037,-0.42431
1.7882,-0.23111
2.1795,-0.040785
2.2031,-0.25126
2.1065,0.22362
2.2357,-0.72495
2.2749,-0.39715
2.1398,-0.23422
2.1419,-0.5086
2.2695,-0.62575
1.8678,-0.75999
1.7317,-0.3728
2.2061,-0.089522
2.5721,-0.19114
1.8559,-0.23813
2.1064,-0.41781
2.1555,-0.39334
2.4768,-0.529
2.0609,-0.7831
2.0153,-0.15993
2.2078,-0.10357
1.0319,1.2139
0.54095,1.3777
-0.12703,0.83038
0.72167,0.94673
0.19786,0.37158
-0.31998,0.13077
0.18382,0.27559
0.74045,0.72316
0.46799,0.64792
0.49836,0.95338
0.44141,0.99221
0.76456,1.7127
0.68354,0.83372
0.7428,1.3158
0.95065,1.0393
0.80431,0.90145
0.62519,0.95158
0.63818,0.55569
0.31775,0.93693
0.48418,0.57477
0.26672,1.3013
0.52687,0.66077
0.36121,0.4771
0.097685,1.129
0.48451,0.73392
0.82602,1.0143
0.0061948,0.9691
0.41281,0.28365
0.022648,0.49172
0.21853,0.60924
0.34323,0.69566
-0.07405,1.5251
0.48832,0.93802
0.55276,1.1086
1.3495,1.2877
0.66104,0.68998
0.42964,0.99491
0.34727,0.9804
-0.047627,1.1796
0.52754,1.2213
1.0537,0.95891
0.85715,1.3163
0.9225,1.6935
1.0379,1.2894
0.84664,1.5779
1.4813,1.147
1.3391,0.80944
0.33061,1.4922
0.25834,0.26626
0.92522,0.6115
1.1031,1.6673
1.3196,0.92391
1.0881,0.95878
0.98116,1.2954
1.2344,1.0747
0.73941,1.4557
1.0767,1.6235
0.77333,0.99442
0.65994,1.5106
0.9525,1.4096
1.1036,1.4885
0.84614,1.6775
0.94107,0.94965
1.1942,1.3761
-0.41181,1.1083
0.67086,1.0729
0.23911,1.1495
0.86382,1.8425
0.58098,1.096
0.60423,0.52697
0.86708,1.6916
0.69598,1.5286
1.1482,1.3279
0.60646,1.2332
0.89224,1.2124
1.1694,1.7319
0.82041,0.83756
1.4595,2.0575
1.3942,1.042
1.0191,0.90247
1.2454,1.3184
0.87254,0.89048
1.3906,1.4167
1.0837,1.9507
1.2863,1.5645
1.3064,1.4793
0.96915,1.333
0.94314,0.98159
0.70479,1.4033
0.91866,1.2688
0.74367,1.2049
0.71993,1.1132
0.77238,1.7271
1.4765,1.67
0.85518,1.0051
1.2269,1.3967
1.5517,1.4628
1.2187,1.3214
0.91788,0.94288
0.68092,1.8226
0.84946,1.7352
0.88944,1.5275
0.92829,1.5448
1.0906,1.2278
0.99891,1.1034
1.0184,0.98636
1.0991,1.1888
0.9676,1.4379
0.78178,1.2456
1.0418,1.3141
1.5488,2.0492
1.1081,1.7396
0.8376,2.1878
0.61518,1.7934
1.1482,1.3873
1.3013,1.287
1.2405,1.0017
2.0276,2.4473
1.1488,1.3976
1.306,1.0858
1.7628,1.1014
1.2644,1.281
1.0045,1.1972
0.90602,1.4293
1.2058,2.1179
1.1915,1.9748
1.3421,1.4578
1.6546,1.3132
1.6988,1.3571
1.1999,1.3603
0.72748,1.6317
0.6686,0.94434
0.88795,0.99744
1.1125,1.6728
0.65712,1.5131
0.99333,1.5613
1.3317,1.5458
1.0706,1.1866
1.2529,1.2377
0.97204,0.73835
0.38811,0.95052
1.0737,1.1457
1.0855,1.242
0.58417,1.3698
0.82014,1.3829
0.76609,1.3827
1.3356,1.2599
1.0983,1.0141
0.81292,0.41496
0.70484,1.0337
0.76526,1.0043
0.49043,1.1103
0.44392,0.92316
1.2108,1.1745
0.7881,1.3958
1.3821,1.3323
0.93174,1.1783
1.3576,1.4449
1.0201,0.72391
0.70666,1.2297
0.52585,0.80601
0.73803,0.73663
0.57385,1.0195
0.62128,0.81281
0.82158,0.54119
0.73133,0.50605
0.60277,0.94121
0.6575,0.83222
0.25985,0.88918
0.47609,1.2727
0.62302,1.2494
1.2538,1.1134
0.85776,1.2397
0.91789,0.84651
0.38566,0.9788
0.38126,0.85989
0.22305,1.3331
0.57363,0.87801
0.97801,0.90098
0.86286,0.61735
0.99704,0.40264
1.1731,0.99897
0.77217,0.96267
0.4412,0.83768
0.78748,0.88818
0.1905,-0.27627
0.90747,1.1672
1.2968,1.143
0.93709,0.54449
1.3258,0.43089
0.99919,1.0612
1.1368,0.94885
1.221,1.4584
1.5541,1.4859
0.43681,1.5768
1.1234,0.80969
0.58223,1.1463
1.4407,0.79739
1.7132,1.1183
1.1478,0.67929
0.75805,0.57584
0.89449,0.26189
1.0105,0.79467
0.68616,0.94653
0.49317,0.27521
1.3642,0.73501
0.47907,1.3514
0.57518,0.66063
0.32268,0.66694
-0.16595,0.74963
-0.44152,0.16857
0.057064,0.70058
0.51948,1.1892
-0.32887,-0.021932
0.68022,0.023084
0.36155,-0.17019
0.67998,-0.047442
0.56107,0.45847
0.37185,0.98334
0.76969,0.58957
0.69551,0.67548
0.73874,0.17189
0.39153,0.84106
1.1525,1.3683
1.2245,1.4265
0.86612,0.76675
-0.59126,-0.49825
-0.9481,-0.28216
-0.83588,-0.59205
-1.764,-0.75293
-1.6329,-0.44263
-1.3122,-0.20131
-1.7374,-0.5998
-1.2855,-0.44732
-1.6207,-0.048339
-0.97603,0.095404
-1.8816,-0.19982
-1.0203,-0.50282
-1.5656,-0.49714
-1.6925,-0.69323
-1.5474,-0.14475
-1.1721,-0.072398
-1.6024,-0.52146
-1.0035,-0.19037
-1.6526,-0.45432
-0.86228,-0.30092
-1.3496,0.015962
-1.2752,-0.56168
-1.3858,-0.50187
-1.216,-0.60238
-1.3043,-0.48018
-0.94324,-0.76407
-1.406,-0.22225
-1.4067,-0.36398
-1.6517,-0.54499
-1.3771,-0.36077
-1.6669,-0.77579
-2.1689,-0.879
-1.6401,-0.48143
-1.6266,-1.0049
-1.7879,-1.0241
-1.6003,-0.88986
-1.8181,-0.75264
-2.1048,-1.5839
-2.0068,-2.2688
-2.147,-0.82987
-1.5436,-1.1104
-1.9589,-1.3084
-1.5972,-1.5594
-1.6619,-1.369
-1.7717,-1.1178
-1.8145,-1.2343
-2.2584,-1.5278
-1.8251,-1.6254
-1.8001,-1.4946
-1.5577,-1.1807
-1.3615,-1.2217
-1.8183,-1.2062
-1.823,-0.75129
-1.4192,-0.75581
-1.5036,-1.0241
-1.513,-1.3735
-1.6267,-1.1117
-1.5528,-0.92317
-1.8655,-1.2382
-1.2196,-1.4461
-1.4009,-0.8823
-1.4795,-1.0855
-1.8597,-1.3914
-1.3933,-0.81317
-1.5352,-1.0948
-1.4313,-1.6281
-1.6419,-1.1822
-2.1065,-1.9555
-2.0257,-1.3833
-1.05,-1.9083
-1.9847,-1.6583
-2.0181,-1.0072
-2.363,-1.0246
-1.761,-1.2403
-1.9986,-1.4564
-1.6586,-1.1818
-2.5057,-0.90988
-1.5667,-1.0413
-1.2406,-1.2379
-1.4558,-1.2233
-1.7882,-1.1405
-1.3883,-0.34765
-1.3528,-1.1288
-1.5484,-1.4794
-1.3261,-1.1773
-1.6567,-0.92113
-1.5254,-1.6448
-1.6017,-1.315
-1.4437,-0.84505
-1.2774,-1.2392
-1.0693,-0.36188
-1.367,-0.85776
-1.2941,-1.8347
-1.6852,-1.6432
-1.8772,-1.3573
-1.5298,-0.87466
-2.2912,-0.87227
-1.6864,-1.391
-1.6577,-1.2486
-1.5218,-1.5777
-1.4162,-1.2933
-1.7832,-1.3464
-1.9592,-1.3825
-1.9712,-1.5498
-1.6812,-1.7236
-1.6882,-1.4727
-1.9661,-1.3384
-2.0099,-1.4592
-1.7959,-1.5944
-1.1669,-1.5224
-2.0121,-0.99053
-1.6544,-1.599
-1.8354,-1.6821
-2.0835,-1.326
-2.0086,-1.4534
-1.2903,-0.97123
-2.3738,-0.79958
-2.0862,-1.6395
-2.1368,-1.7354
-1.9811,-1.9013
-1.9503,-1.896
-1.3824,-1.3874
-1.9581,-1.8277
-1.6748,-1.9018
-1.2193,-1.6802
-1.8756,-1.6915
-1.6191,-1.409
-1.4207,-1.5298
-1.8207,-0.93642
-1.6054,-1.281
-1.8473,-1.4294
-1.3022,-1.1167
-1.3094,-1.4959
-1.4648,-1.3317
-0.98798,-1.1307
-1.1041,-1.2169
-1.0421,-1.1641
-1.1911,-0.89999
-1.1556,-0.9388
-1.022,-1.0652
-1.457,-1.0485
-1.4366,-0.99226
-1.368,-1.4702
-1.0622,-1.0117
-0.57681,-1.3332
-0.9517,-1.0282
-1.0488,-1.2381
-1.3271,-1.0232
-1.353,-0.47978
-1.6167,-0.89616
-1.5103,-0.88395
-1.4687,-2.2501
-1.1486,-2.0096
-1.5218,-1.0259
-1.176,-2.4935
-1.5563,-0.77714
-1.5519,-1.0051
-1.7941,-1.7002
-1.6589,-1.6044
-1.7553,-0.76784
-1.121,-1.1359
-1.1849,-0.97424
-1.0817,-0.90066
-1.4662,-0.52076
-1.3165,-1.569
-1.3378,-1.3779
-0.79882,-0.87885
-0.89173,-0.73257
-0.91774,-1.1403
-1.1896,-0.75058
-1.0677,-0.64655
-0.90868,-1.1197
-1.2054,-0.72947
-1.4861,-0.98056
-1.2718,-0.6338
-1.0731,-0.58829
-1.0766,-1.2344
-1.1964,-0.87653
-1.2476,-0.84287
-1.2019,-1.0483
-1.0068,-0.29548
-1.638,-1.0567
-1.4773,-0.56458
-1.1647,-0.82042
-1.4676,-1.2458
-1.6064,-1.3248
-1.0272,-1.2269
-1.664,-1.1452
-1.307,-1.337
-1.7606,-1.1053
-1.3071,-1.8823
-1.86,-1.1399
-1.825,-1.0679
-1.3088,-1.0021
-1.2489,-0.49348
-1.1208,-1.1343
-1.9456,-1.0666
-1.265,-1.252
-1.4171,-0.82466
-1.1803,-0.65506
-1.095,-1.2238
-1.1176,-0.61345
-0.9917,-1.0824
-0.96613,-1.0624
1.6712,0.79965
1.1374,0.80905
0.69168,1.1755
0.61038,0.94711
0.98329,0.25565
0.11875,0.59289
0.82143,0.25468
0.49246,0.1151
1.2177,0.44489
0.60599,0.48727
0.78317,0.72154
0.71885,0.6088
1.1971,0.29558
0.92965,0.38795
0.3593,0.32743
0.67648,0.16451
1.1937,-0.16531
1.5615,0.065065
1.2582,-0.3273
1.2203,0.59329
1.3611,-0.16927
1.6589,-0.059405
1.3239,0.81786
0.96696,1.0916
1.0871,-0.16142
1.9054,1.7449
1.545,1.538
1.3711,1.305
1.2768,1.088
1.4018,0.92152
1.1943,0.4257
1.3036,0.47829
1.0077,-0.19327
0.55736,0.0022486
1.3113,-0.57195
1.6325,0.4769
1.446,0.94551
1.8618,0.17027
0.92431,0.44526
1.1321,0.50678
1.2271,0.063869
0.52345,0.003611
0.98249,-0.57952
1.3086,0.37391
0.65338,-1.6612
0.51724,0.93609
0.70551,0.21204
0.79603,0.85209
0.91233,-0.67103
0.58505,-0.32987
0.17003,-0.40797
0.75999,-3.5863
1.2769,0.49916
0.80342,-1.2074
0.56362,0.54265
1.7255,0.081137
1.3108,1.6716
1.5954,-2.0729
2.288,-3.6174
2.8921,-1.841
2.0835,0.56992
2.1977,0.085225
0.67988,0.86494
0.034283,-2.4762
2.0316,0.53547
1.6394,-0.17156
1.9469,0.18669
1.8508,0.96066
0.65614,-0.2391
1.3899,-0.043443
1.3579,1.301
1.3153,0.43151
1.7419,-0.2258
1.8527,1.5979
1.0609,1.5516
1.0788,0.71815
1.2775,0.53229
1.4275,0.52411
1.6704,0.20849
1.6726,0.71525
1.5828,0.93047
1.3226,0.6876
0.85389,-0.13066
0.71136,-0.21777
1.8851,-0.39276
1.4335,0.056226
1.0041,0.14595
1.0528,-0.72336
0.48395,-0.54139
0.72668,-0.71899
0.58185,-0.44482
0.617,-0.93769
0.49234,0.41742
0.99828,0.95949
1.3154,0.40304
1.1213,-0.64046
2.4905,-1.3856
1.6803,-4.002
1.0469,-0.96659
1.1136,-0.30035
0.63562,0.13515
1.182,0.054077
1.4876,-0.052238
2.1644,0.15447
1.2862,0.68255
1.2324,-0.96494
1.0686,-0.6148
1.0909,-0.66682
2.0036,-0.22975
0.78264,-0.85364
0.6061,-0.9287
0.55481,-0.39757
-1.4862,-1.3751
0.78653,0.30851
0.63448,-0.6488
1.3057,0.14928
1.8987,0.28059
1.225,-0.14169
1.7261,0.25124
1.6244,-0.42924
1.439,0.19236
1.065,-0.1814
1.5069,-0.33518
0.92274,-1.0771
1.7018,0.68691
1.7824,0.4972
1.2968,-0.44057
0.57147,0.74776
1.9428,0.78306
1.5157,0.2837
2.1831,0.36034
2.0207,0.78543
1.6914,0.55572
2.1317,0.70453
2.7872,1.2671
2.9847,1.5642
2.127,1.1325
1.8571,1.1063
2.0174,0.8312
2.5075,1.1157
2.9401,1.3563
2.3008,0.44803
1.9806,0.040707
1.8078,-0.37431
1.9331,0.73973
2.0836,0.11049
1.4338,0.0966
1.5391,0.42699
2.0199,1.2775
1.7142,1.6359
1.8271,1.2506
1.2448,0.92063
2.3692,1.0672
2.0637,0.28469
2.3667,0.22446
2.2009,0.98625
2.2123,0.6594
2.2818,0.71281
2.1115,1.3399
2.3745,0.56905
2.377,0.49162
2.17,0.90072
2.7051,0.75506
2.4717,0.80661
2.5308,0.72969
2.4974,1.1881
2.4158,1.1372
2.3222,1.3748
2.4838,1.2266
2.4541,1.6053
2.4955,0.95191
2.3666,1.2439
2.0298,1.3129
2.0817,0.72179
2.3913,1.5405
2.5066,1.2364
2.3862,1.4818
2.3527,1.2397
2.5301,1.3226
2.6985,1.3116
2.9097,1.6766
2.5429,1.3866
2.3776,1.2465
2.507,1.668
2.5255,1.4259
2.6114,0.98583
2.4196,0.99733
2.3804,1.2562
2.1293,1.4119
2.5864,0.92365
2.4498,1.4456
2.5597,1.4088
2.71,1.387
2.6431,1.0571
2.6031,1.135
2.5233,1.7887
2.4702,1.8041
2.1708,1.5388
2.606,0.96982
2.3883,0.93255
2.5489,1.2067
2.5321,1.1177
2.5148,1.6915
2.5275,1.3634
2.6989,1.1064
2.8651,1.655
2.8094,2.195
2.431,1.5082
2.5274,0.84571
2.3374,1.3636
2.5292,1.7523
2.3811,1.3359
2.2953,1.788
2.4925,1.6241
2.4753,1.5555
2.4789,1.6038
2.4801,1.5676
2.593,1.7316
2.6656,1.325
2.4674,0.89775
2.5082,0.99695
2.6082,1.2625
3.0113,1.7877
2.5172,1.4088
2.6354,1.1253
2.5403,1.0795
0.014566,-0.2018
-0.61897,0.86277
-0.2166,0.84147
-0.7206,0.66314
-0.46861,0.62101
-0.81534,0.57969
-0.91506,1.0336
-0.75462,1.0707
-0.48624,0.71896
-0.13697,0.95371
-0.32452,0.40874
-0.62857,0.49894
-0.93795,0.66833
0.099328,1.4187
-0.15607,1.2412
-0.66738,1.5689
-0.47376,1.2332
0.1151,1.4051
0.046184,1.5448
-0.44161,1.3563
0.14158,0.98426
-0.26167,0.88645
-0.016486,0.48409
0.11495,0.73905
0.086495,0.12233
-0.029287,0.88889
-0.228,0.68428
0.0026201,0.30461
0.15115,0.75467
0.021427,1.2233
-0.09249,0.82163
0.28818,0.85047
0.042875,1.3928
0.040577,1.3136
0.21886,0.86651
0.1437,0.7418
0.15638,0.8608
0.26871,1.047
0.17228,1.3261
-0.29994,1.5305
0.49572,1.5061
-0.15363,1.2663
0.025323,1.3703
0.7676,0.94591
0.37031,1.5
0.57216,1.7141
0.44989,1.7153
0.5517,1.1625
0.20527,1.4469
0.032462,1.3934
0.11197,0.6534
0.33952,1.0913
0.26964,1.2542
-0.14247,1.4125
0.064502,1.0483
-0.10556,1.3297
0.018684,1.2298
-0.0088815,1.6403
0.29362,1.2285
0.27708,1.0709
0.31545,0.74518
0.31486,0.61484
0.55262,0.79183
0.69587,1.1537
0.44119,1.1406
0.46581,1.4931
0.93087,1.3249
0.20103,1.0735
0.63509,1.0555
0.068077,1.187
0.54659,1.4273
0.068698,1.5738
0.93764,1.0499
0.60307,1.2275
0.5423,1.6322
0.49412,1.6056
0.74296,1.2165
0.56474,2.2496
0.85218,1.394
0.7897,1.1218
0.77884,1.6949
0.52559,1.2757
1.1706,1.0724
0.94113,1.3671
1.2043,1.5227
1.1659,1.5299
0.73601,1.0483
0.92395,1.4499
0.35315,1.2928
0.84499,1.5486
0.32185,1.392
0.88313,1.2532
1.0239,0.92132
0.64435,1.1839
0.70024,0.84271
0.58339,0.85707
0.83089,0.94613
0.64755,1.3686
0.7452,0.87951
0.68206,1.6658
0.66238,1.2491
0.92701,0.96502
0.74263,1.5033
0.38843,1.5678
0.42538,1.3255
0.66759,1.1552
0.26176,0.57355
-0.087394,1.2077
0.045562,0.89677
0.40595,1.369
0.38262,0.92695
0.90489,1.1954
0.59848,0.82553
0.90758,1.2154
0.68292,1.6186
0.35578,1.9589
0.38575,1.4336
0.63028,0.80156
0.56178,1.2652
0.20623,1.5433
1.0513,1.6587
0.44089,1.2975
0.51709,1.54
-0.17368,1.3679
0.19857,1.8789
0.16332,1.4965
0.40038,1.4813
0.93247,1.2783
0.59835,1.2647
0.62812,1.4148
0.68361,1.3105
0.48788,1.6916
0.54346,1.0544
0.81872,0.66855
0.62075,1.2284
0.76261,1.4565
0.68974,1.3621
0.66745,1.4381
0.55735,1.172
0.54071,1.6707
0.72614,1.7469
0.66094,1.5464
0.84776,1.2019
1.0004,1.4202
1.0214,1.2739
0.92093,1.0218
0.66374,1.2745
0.89869,1.422
0.66483,0.98891
0.71094,1.009
0.51719,1.0559
1.0437,0.99571
0.5511,0.95311
0.81352,1.3018
0.66183,1.2863
0.86375,1.4059
1.0897,1.6583
0.92424,1.0905
0.78296,1.28
1.323,1.421
0.73824,1.1094
0.90198,0.98136
0.51231,1.2189
1.2767,0.89321
0.54037,0.85519
0.85194,1.0061
1.2279,1.2394
0.39167,0.99024
0.43765,1.4564
0.38551,0.89029
0.10784,0.74974
0.33033,1.5139
0.65904,1.5491
0.68362,1.1498
0.51735,1.2716
0.51799,1.029
0.25625,1.0785
0.58662,0.95335
0.83942,1.0545
0.92315,0.65317
0.60874,1.0521
0.37412,0.70635
0.33671,1.0878
0.55267,1.0503
0.55708,1.368
0.5343,1.3641
0.91817,1.1972
0.41603,0.99086
0.50824,0.90085
0.56759,1.0811
0.32469,0.85535
0.6206,0.81505
0.71653,0.54024
0.63104,0.93897
1.0236,1.5507
0.76461,1.0013
0.72293,1.4287
0.9122,1.2289
0.63811,1.5316
0.4235,0.95827
1.1958,0.98973
0.45696,1.8245
0.29229,1.017
0.69427,0.21365
0.2972,0.83584
0.51786,0.80656
0.35484,1.1125
-0.44752,0.52322
-0.11839,0.82152
0.11183,0.90539
0.14259,0.92657
0.12947,1.1929
0.012545,1.0205
0.1489,0.19871
0.29354,0.66685
0.50278,1.1589
0.36834,1.2484
-0.31221,1.0372
0.12128,1.5664
0.12683,1.2329
0.46158,1.7298
0.36907,1.2523
0.15333,1.2066
0.30066,1.781
0.23907,1.5106
0.7075,1.7407
0.27594,2.2999
0.13337,1.7473
0.1257,1.5183
-0.14107,0.65859
0.82851,2.0337
0.49097,1.8938
0.33984,1.7215
0.29255,1.8395
0.67606,1.3735
0.87021,1.3239
0.68661,1.374
0.22936,1.3042
0.70521,1.6239
0.84711,1.1838
0.84109,1.1979
0.78637,1.031
1.2691,1.6959
0.65873,1.8035
0.4981,1.3442
0.50036,1.6634
1.2492,1.5265
0.63548,1.8513
0.89419,1.4035
0.964,1.4507
0.89014,1.3627
0.89347,1.0766
1.3217,0.68135
0.80702,1.0994
1.1302,1.0821
0.94746,1.749
1.0656,0.91239
0.74391,0.78039
0.52219,0.72889
0.61894,1.0651
0.60405,1.0017
0.6778,1.1785
0.49121,1.2163
0.14219,1.5308
0.45689,1.6528
0.58426,1.1845
0.60507,1.596
0.74176,1.4938
0.44316,1.5598
0.16113,1.3811
0.89843,1.7841
0.84112,1.8798
0.55409,1.4506
0.76305,1.2618
0.51049,1.8481
0.93765,1.6674
0.43544,1.3796
0.63059,1.6812
0.46787,1.2202
0.21833,1.5288
0.1611,0.96978
0.56176,1.6499
0.37246,1.4581
0.43117,1.6989
0.30435,1.0231
0.91146,1.1262
0.03748,1.1642
0.75877,1.0146
1.3002,1.4757
0.29592,0.97381
0.3055,0.63563
0.24423,1.4013
0.81996,1.2709
0.72104,1.0882
0.34887,0.89052
1.1398,0.66722
0.25989,1.4214
0.33114,0.89153
0.15878,0.74134
0.28043,1.1711
0.10586,0.74461
0.26692,0.40097
0.42878,1.0513
0.98627,1.2307
0.12674,0.86334
0.81352,0.80298
0.65219,0.84589
0.78248,0.65461
0.97302,0.72532
0.71749,0.51708
0.66443,0.22749
0.21034,0.25999
0.61191,0.33817
0.21438,-0.14588
0.083841,0.44841
0.042598,0.24816
0.25525,0.5615
0.45316,0.98316
0.53353,1.2543
0.69984,0.9139
0.82967,0.41604
0.66134,0.31234
0.46488,0.18232
1.1188,0.64831
0.63169,-0.057898
0.30803,0.75548
0.43915,0.27933
0.038013,0.4481
0.7697,0.12393
0.99877,-0.195
0.69106,0.57604
0.5101,0.45735
0.8149,0.36097
0.20387,0.20421
0.2805,0.43555
0.66383,1.1834
1.3436,1.4984
1.0748,1.0145
0.76532,0.52121
0.3317,0.63129
0.55278,1.0469
0.42944,0.87136
0.89281,0.90482
0.19708,0.27255
0.59981,-0.019118
0.53738,0.5829
0.11504,0.38237
0.4902,-0.097653
0.6874,0.24739
0.43189,0.96115
0.35366,0.33899
0.24484,0.20439
0.54691,0.066516
0.30011,0.12094
0.38349,0.11976
0.68718,-0.15968
0.54072,-0.29474
0.74796,-0.24892
0.63736,-0.13266
0.24284,-0.18157
1.1516,0.53479
0.5664,0.66159
1.1598,1.126
1.0242,1.3606
0.87468,1.3957
1.4306,0.60107
0.58312,1.2363
0.94902,1.1326
1.0119,1.2433
0.76595,0.79261
1.2178,0.94224
0.91059,0.62606
1.1057,0.929
0.96083,0.75376
0.89785,1.0168
1.0234,1.0604
1.0535,0.90824
0.44035,0.96848
1.5259,1.1203
0.91961,1.0242
0.59128,1.1936
0.2314,0.95483
1.1077,1.3353
0.95605,1.2137
1.2261,0.71763
0.89896,0.83847
1.0255,0.81469
0.96968,0.93528
0.96029,-0.52455
1.0187,0.67123
0.46532,0.30184
0.5167,0.34378
0.89458,0.50508
1.0023,0.48757
0.91428,0.44708
0.96171,0.72225
0.52283,0.37055
1.1635,0.67528
0.4415,0.26941
0.95231,0.87188
0.8106,0.92832
0.89421,0.72832
0.84974,0.59518
0.46713,1.0847
0.3763,0.82346
-0.17508,0.82726
0.21065,-0.08168
0.78588,0.45039
0.31618,0.40118
0.51748,0.20107
0.1826,0.4683
0.38517,0.64192
0.63993,0.56886
0.38761,0.36872
0.06761,-0.10581
-0.079778,-0.49317
0.10521,0.61816
0.50668,0.30656
0.50682,0.79983
0.4256,0.56077
0.42994,0.67185
0.36763,0.22367
0.052623,0.060922
-0.095187,0.26558
0.52543,0.64001
-0.10511,0.65578
0.49537,0.91193
0.40666,0.40147
0.30944,1.3073
-0.25389,0.90022
0.15165,0.67692
0.28305,0.3809
0.072628,0.23209
0.31526,1.0429
0.11788,0.96645
0.2259,1.2328
0.68048,0.61706
0.24988,1.245
0.21087,1.5512
0.44081,1.4145
-0.47689,1.0987
0.51381,0.977
0.27386,1.063
0.38834,1.0332
0.50508,1.3174
0.79312,1.3323
0.93466,1.6791
0.82137,1.8849
0.74992,1.5174
0.64455,1.6832
0.13422,1.0327
0.037435,1.3958
0.55869,1.0614
0.69274,2.0613
0.79734,1.5248
0.82851,1.0981
1.4379,1.9855
1.1461,1.8155
1.3449,1.4306
0.65377,1.6778
0.58205,1.4632
0.35348,1.454
0.086772,1.6258
0.60672,1.1231
1.0665,1.4262
0.60968,2.0468
0.85627,1.7998
0.37545,1.7662
0.52101,1.6763
0.82203,1.7838
0.79969,1.4593
0.78658,0.82915
0.81317,1.9954
1.1278,1.1269
1.0916,1.8752
0.52774,1.9475
0.92239,1.8473
1.0011,1.9865
0.84142,1.6636
0.7642,1.815
0.93109,1.7286
0.87321,1.6578
0.86481,1.7734
0.6194,0.60266
0.80149,1.6122
0.73296,1.4843
0.93418,1.646
0.37014,1.8424
0.7397,1.7941
0.21542,1.3107
0.50558,1.4734
0.94675,1.6694
0.93218,1.7799
0.84773,1.5523
1.2143,1.5188
1.5943,1.0073
1.434,1.2704
1.5135,1.4939
1.9747,2.5842
1.4776,2.479
1.2397,2.1704
1.3308,1.78
1.2818,2.0151
1.3956,2.1338
1.1224,1.7219
1.0125,1.924
1.7739,2.1205
0.9545,1.9684
1.038,1.9863
1.2614,1.8892
0.93422,1.4183
0.70639,1.7306
0.86139,1.6624
0.83758,1.6726
0.92208,1.9213
0.96486,1.6805
1.0377,-0.91027
0.84508,2.0645
0.55878,1.5762
0.89139,1.1568
1.0315,1.1733
0.96471,1.4968
1.2612,1.8751
0.7228,1.4959
0.96597,1.2478
1.1486,1.8361
0.87154,1.613
0.75831,1.8252
0.78131,1.7689
0.74876,1.7484
1.1067,1.6015
1.1783,0.74327
0.62118,1.1674
0.97037,1.5883
0.41759,1.0689
0.47332,1.5936
0.41674,1.2085
0.47577,1.385
0.54152,1.3408
0.62581,1.7702
0.4022,1.6461
0.75679,1.5038
0.37504,1.5478
0.86608,1.4984
0.69961,1.1442
0.61165,1.4431
0.59701,1.4193
0.2577,1.0435
0.74198,1.2623
0.43356,1.5005
0.74693,1.2522
0.44592,1.9344
0.061771,1.6036
0.99531,1.6394
1.2792,1.9396
1.2406,1.479
1.158,1.3701
1.1698,1.5706
1.2722,1.7809
1.5591,1.5902
0.9445,1.5857
1.3298,2.1384
1.047,1.8109
1.2877,1.7038
0.88622,1.2606
1.1516,0.9816
0.51505,2.1595
0.85702,1.8494
1.0779,1.5629
1.0109,1.3195
1.1392,1.744
1.2135,1.421
0.95299,0.97748
0.9326,1.5069
0.97224,1.1929
1.224,1.4308
1.3665,1.1665
1.4274,0.95519
1.2978,0.97737
1.1569,1.2419
0.61833,1.1958
0.66759,1.4641
0.3881,0.57805
0.36267,0.53998
0.21347,0.77858
-0.16723,1.0534
0.34558,1.2379
0.10538,0.46594
-0.014921,0.58136
0.40042,0.72892
-0.090281,0.58042
0.34572,0.90936
0.7532,1.4076
0.25235,1.4952
0.31961,1.0296
0.089659,1.007
0.52392,0.5814
0.56791,0.69471
0.42807,0.83153
0.6071,1.1691
0.37396,0.4565
1.0925,1.0052
0.62561,0.85668
1.0668,0.86729
0.98951,0.67639
0.92812,0.82491
0.97008,1.0235
0.4445,0.99401
0.78401,1.0231
0.55763,1.0373
0.66967,1.0377
0.79467,1.3659
0.94055,0.75329
1.3087,1.1522
0.98425,1.1234
0.92183,1.5515
0.99682,1.1594
1.3061,1.4747
0.81139,1.01
1.2839,1.6634
0.60841,0.68144
0.56879,1.066
1.0289,1.1714
0.80506,1.5981
0.8836,1.5876
1.1798,2.0855
1.0862,1.6606
1.2551,1.6651
0.86718,1.0677
1.3296,1.5605
1.0625,1.0082
1.1154,1.4918
0.97533,1.3646
1.309,1.6266
0.74038,1.7546
0.92243,1.9305
1.1491,2.2016
1.5728,1.9377
1.78,1.8575
1.4012,1.7671
1.6916,1.7049
1.3986,1.7609
1.34,1.0786
1.689,1.1455
1.2317,1.5387
1.1497,1.5139
1.28,0.95908
1.2458,1.4297
1.1002,1.338
